Lot_ID,Station,Woreda,Region,Inspection_Date,Quantity_MT,Status,Defect_Type,Cup_Score,EUDR_Verified,KC_Cents_lb,FOB_Price_USD_kg,Total_kg,Exportable_kg,Gross_Revenue_USD,Shrinkage_Loss_USD,Total_Costs_USD,Net_Revenue_USD,Retained_Forex_USD
ROM-25-1DB57,Dogada Yemasira,Nansabo,Oromia,2024-10-02,18.77,Passed,,84.15,False,256.5,6.757160299999999,18770.0,18488.45,124929.42034853499,1902.4784824649948,3477.921,121451.49934853498,60725.74967426749
ROM-25-BF42B,Astatke Menafesha,Wonsho,Sidama,2024-10-03,19.4,Passed,,83.87,True,252.0500030517578,6.659054777279663,19400.0,19109.0,127247.87773903708,1937.784940188382,3589.62,123658.25773903709,61829.12886951854
ROM-25-07A5F,Astatke Menafesha,Wonsho,Sidama,2024-10-04,19.27,Passed,,86.42,True,257.3500061035156,6.775899704559325,19270.0,18980.95,128613.01349725534,1958.573809602868,3566.571,125046.44249725534,62523.22124862767
ROM-25-979C5,Abebe Jengelo,Hoko Girja,Sidama,2024-10-05,18.64,Passed,,80.68,True,257.3500061035156,6.775899704559325,18640.0,18360.4,124408.22893559105,1894.5415573947776,3454.8720000000003,120953.35693559104,60476.67846779552
ROM-25-F9562,Belete Tanga,Bona,Sidama,2024-10-10,18.83,Rejected,Under-dried,75.21,True,254.75,6.71857945,18830.0,18547.55,124613.1882778475,1897.662765652505,3488.5589999999997,121124.6292778475,60562.31463892375
ROM-25-C458A,Abebe Jengelo,Hoko Girja,Sidama,2024-10-14,18.85,Passed,,80.27,False,262.04998779296875,6.879516440881347,18850.0,18567.25,127733.7016369542,1945.183273659201,3492.105,124241.5966369542,62120.7983184771
ROM-25-B0E12,Hagire Buticha,Nansabo,Oromia,2024-10-15,18.8,Rejected,High Moisture (>12.5%),73.29,True,256.70001220703125,6.761569809118652,18800.0,18518.0,125210.7497252592,1906.7626861714598,3483.24,121727.5097252592,60863.7548626296
ROM-25-DFF58,Zenebe Dikicha,Aroresa,Sidama,2024-10-15,19.1,Passed,,88.01,False,256.70001220703125,6.761569809118652,19100.0,18813.5,127208.79360385376,1937.1897503124937,3536.43,123672.36360385377,61836.18180192688
ROM-25-4E7ED,Astatke Menafesha,Wonsho,Sidama,2024-10-20,18.56,Passed,,89.71,True,257.29998779296875,6.774796990881347,18560.0,18281.6,123854.12866849643,1886.103482261377,3440.6879999999996,120413.44066849643,60206.72033424822
ROM-25-B7F0C,Abebe Jengelo,Hoko Girja,Sidama,2024-10-21,18.82,Passed,,79.12,False,251.6999969482422,6.651338472720337,18820.0,18537.7,123300.51720574779,1877.6728508489462,3486.786,119813.73120574778,59906.86560287389
ROM-25-CBE55,Michael Girma,Anfilo,Oromia,2024-10-21,18.86,Passed,,84.73,True,251.6999969482422,6.651338472720337,18860.0,18577.1,123562.57994157296,1881.663653932593,3493.8779999999997,120068.70194157296,60034.35097078648
ROM-25-C1FAD,Astatke Menafesha,Wonsho,Sidama,2024-10-22,19.02,Passed,,86.17,True,249.85000610351562,6.610553204559326,19020.0,18734.7,123846.73112145762,1885.990829260771,3522.246,120324.48512145762,60162.24256072881
ROM-25-B545B,Abebe Jengelo,Hoko Girja,Sidama,2024-10-23,19.25,Passed,,81.11,True,252.35000610351562,6.665668704559326,19250.0,18961.25,126389.41072432551,1924.7118384415053,3563.025,122826.38572432552,61413.19286216276
ROM-25-9C838,Astatke Menafesha,Wonsho,Sidama,2024-10-23,18.62,Passed,,84.44,True,252.35000610351562,6.665668704559326,18620.0,18340.7,122253.03000971123,1861.7212691834147,3451.326,118801.70400971123,59400.85200485562
ROM-25-FB9C4,Abebe Jengelo,Hoko Girja,Sidama,2024-10-23,18.7,Passed,,83.68,True,252.35000610351562,6.665668704559326,18700.0,18419.5,122778.2847036305,1869.7200716288908,3465.5099999999998,119312.77470363051,59656.387351815254
ROM-25-95D1A,Michael Girma,Anfilo,Oromia,2024-10-24,18.7,Rejected,Primary Defects,76.98,True,245.4499969482422,6.513549722720336,18700.0,18419.5,119976.32911764724,1827.0506972230544,3465.5099999999998,116510.81911764725,58255.40955882362
ROM-25-1D566,Belete Tanga,Bona,Sidama,2024-10-25,19.0,Passed,,84.82,True,248.39999389648438,6.578585945440673,19000.0,18715.0,123118.23596892219,1874.8969944505918,3518.7,119599.5359689222,59799.7679844611
ROM-25-49920,Hagire Buticha,Nansabo,Oromia,2024-10-27,19.32,Passed,,81.15,False,248.39999389648438,6.578585945440673,19320.0,19030.2,125191.80625892509,1906.4742069887022,3575.436,121616.37025892509,60808.185129462545
ROM-25-28ADA,Zenebe Dikicha,Aroresa,Sidama,2024-11-01,18.61,Passed,,88.61,True,242.9499969482422,6.458434222720337,18610.0,18330.85,118388.58897155308,1802.8719132723913,3449.5529999999994,114939.03597155308,57469.51798577654
ROM-25-8B71C,Michael Girma,Anfilo,Oromia,2024-11-02,18.93,Passed,,89.34,True,242.9499969482422,6.458434222720337,18930.0,18646.05,120424.28743855453,1833.8723975414443,3506.2889999999998,116917.99843855452,58458.99921927726
ROM-25-1D494,Dogada Yemasira,Nansabo,Oromia,2024-11-04,19.35,Passed,,85.7,True,245.9499969482422,6.5245728227203355,19350.0,19059.75,124356.72685784391,1893.7572617945773,3580.7549999999997,120775.9718578439,60387.98592892195
ROM-25-5BFF5,Zenebe Dikicha,Aroresa,Sidama,2024-11-05,18.86,Passed,,84.77,True,250.14999389648438,6.617166795440673,18860.0,18577.1,122927.76927558093,1871.9964864301762,3493.8779999999997,119433.89127558093,59716.945637790464
ROM-25-98D06,Astatke Menafesha,Wonsho,Sidama,2024-11-05,18.73,Passed,,85.18,True,250.14999389648438,6.617166795440673,18730.0,18449.05,122080.44106742475,1859.093011179062,3470.8289999999997,118609.61206742475,59304.806033712375
ROM-25-080F8,Oddi Boku,Girja,Sidama,2024-11-11,19.38,Passed,,82.15,True,256.20001220703125,6.750546709118652,19380.0,19089.3,128863.21129437868,1962.383928340797,3586.0739999999996,125277.13729437868,62638.56864718934
ROM-25-1BB1B,Oddi Boku,Girja,Sidama,2024-11-15,19.17,Rejected,High Moisture (>12.5%),72.66,True,281.79998779296875,7.314928890881347,19170.0,18882.45,138123.7790356225,2103.407802572926,3548.841,134574.9380356225,67287.46901781125
ROM-25-ADEEC,Astatke Menafesha,Wonsho,Sidama,2024-11-17,19.03,Passed,,85.74,True,281.79998779296875,7.314928890881347,19030.0,18744.55,137115.05034156993,2088.0464519020857,3524.019,133591.03134156993,66795.51567078497
ROM-25-CB20B,Abebe Jengelo,Hoko Girja,Sidama,2024-11-17,18.71,Rejected,Primary Defects,72.6,True,281.79998779296875,7.314928890881347,18710.0,18429.35,134809.38475516412,2052.9347932258606,3467.2829999999994,131342.10175516413,65671.05087758206
ROM-25-BE669,Astatke Menafesha,Wonsho,Sidama,2024-11-17,18.51,Passed,,86.11,True,281.79998779296875,7.314928890881347,18510.0,18232.35,133368.3437636605,2030.9900065532165,3431.8229999999994,129936.52076366049,64968.260381830245
ROM-25-9DBE4,Dogada Yemasira,Nansabo,Oromia,2024-11-19,18.8,Passed,,85.47,True,279.75,7.26973445,18800.0,18518.0,134620.9425451,2050.0651149,3483.24,131137.7025451,65568.85127255
ROM-25-107CA,Hagire Buticha,Nansabo,Oromia,2024-11-20,18.54,Passed,,82.85,True,295.29998779296875,7.612552590881347,18540.0,18261.9,139019.67415941608,2117.0508755240917,3437.1420000000003,135582.5321594161,67791.26607970805
ROM-25-1A599,Astatke Menafesha,Wonsho,Sidama,2024-11-20,18.58,Passed,,87.94,True,295.29998779296875,7.612552590881347,18580.0,18301.3,139319.6087314968,2121.618407078637,3444.234,135875.3747314968,67937.6873657484
ROM-25-DE118,Astatke Menafesha,Wonsho,Sidama,2024-11-21,19.13,Passed,,85.57,True,298.6499938964844,7.6864074954406725,19130.0,18843.05,144835.36075696335,2205.6146308167067,3541.749,141293.61175696334,70646.80587848167
ROM-25-E7A76,Dogada Yemasira,Nansabo,Oromia,2024-11-25,18.98,Passed,,87.54,True,308.3500061035156,7.900255904559325,18980.0,18695.3,147697.65421250794,2249.2028560280455,3515.1539999999995,144182.50021250793,72091.25010625397
ROM-25-BD787,Belete Tanga,Bona,Sidama,2024-11-25,18.79,Passed,,86.14,True,308.3500061035156,7.900255904559325,18790.0,18508.15,146219.12131996968,2226.6871267000342,3481.467,142737.65431996968,71368.82715998484
ROM-25-BFE5F,Belete Tanga,Bona,Sidama,2024-11-27,19.41,Passed,,83.13,True,326.1499938964844,8.292677995440673,19410.0,19118.85,158546.4666931309,2414.4131983725642,3591.3929999999996,154955.0736931309,77477.53684656545
ROM-25-64A0D,Dogada Yemasira,Nansabo,Oromia,2024-11-29,19.17,Passed,,86.07,True,321.6499938964844,8.193470095440674,19170.0,18882.45,154712.78940365376,2356.0323259439597,3548.841,151163.94840365378,75581.97420182689
ROM-25-19C13,Astatke Menafesha,Wonsho,Sidama,2024-11-29,18.86,Passed,,84.22,False,321.6499938964844,8.193470095440674,18860.0,18577.1,152210.91331001092,2317.9326900001784,3493.8779999999997,148717.03531001092,74358.51765500546
ROM-25-CDACB,Belete Tanga,Bona,Sidama,2024-11-30,18.7,Passed,,86.84,True,321.6499938964844,8.193470095440674,18700.0,18419.5,150919.6224229695,2298.268361771109,3465.5099999999998,147454.11242296948,73727.05621148474
ROM-25-68064,Zenebe Dikicha,Aroresa,Sidama,2024-11-30,19.03,Rejected,Over-fermented,73.27,True,321.6499938964844,8.193470095440674,19030.0,18744.55,153582.90987749246,2338.826038743546,3524.019,150058.89087749246,75029.44543874623
ROM-25-82455,Michael Girma,Anfilo,Oromia,2024-12-02,18.95,Passed,,87.78,True,299.20001220703125,7.698533309118652,18950.0,18665.75,143698.89811468148,2188.3080931169766,3509.835,140189.06311468148,70094.53155734074
ROM-25-F9A0B,Michael Girma,Anfilo,Oromia,2024-12-03,18.93,Passed,,88.8,True,297.70001220703125,7.665464009118652,18930.0,18646.05,142930.62518722683,2176.6085053892466,3506.2889999999998,139424.33618722684,69712.16809361342
ROM-25-CC45C,Zenebe Dikicha,Aroresa,Sidama,2024-12-03,18.53,Passed,,83.55,False,297.70001220703125,7.665464009118652,18530.0,18252.05,139910.4323676341,2130.615721334535,3435.3689999999997,136475.06336763408,68237.53168381704
ROM-25-87DB3,Belete Tanga,Bona,Sidama,2024-12-04,19.14,Passed,,83.49,True,305.95001220703125,7.847345159118651,19140.0,18852.9,147945.21355034804,2252.972795182953,3543.522,144401.69155034804,72200.84577517402
ROM-25-C8020,Hagire Buticha,Nansabo,Oromia,2024-12-04,18.89,Passed,,82.2,True,305.95001220703125,7.847345159118651,18890.0,18606.65,146012.80480491507,2223.5452508362587,3499.197,142513.60780491505,71256.80390245753
ROM-25-87E68,Abebe Jengelo,Hoko Girja,Sidama,2024-12-05,18.61,Rejected,Primary Defects,72.32,True,315.75,8.063397649999999,18610.0,18330.85,147808.93281250246,2250.8974539975115,3449.5529999999994,144359.37981250248,72179.68990625124
ROM-25-E12A2,Abebe Jengelo,Hoko Girja,Sidama,2024-12-05,18.84,Rejected,Under-dried,76.22,False,315.75,8.063397649999999,18840.0,18557.4,149635.69555011,2278.716175889988,3490.3320000000003,146145.36355011,73072.681775055
ROM-25-A00AE,Belete Tanga,Bona,Sidama,2024-12-06,18.67,Passed,,87.11,True,332.5,8.4326715,18670.0,18389.95,155076.407251425,2361.569653574994,3460.191,151616.216251425,75808.1081257125
ROM-25-EA2B0,Dogada Yemasira,Nansabo,Oromia,2024-12-08,19.24,Passed,,88.76,True,332.5,8.4326715,19240.0,18951.4,159810.9306651,2433.6689948999874,3561.252,156249.6786651,78124.83933255
ROM-25-AD0EA,Michael Girma,Anfilo,Oromia,2024-12-11,19.09,Passed,,83.31,False,321.70001220703125,8.194572809118652,19090.0,18803.65,154087.87900218397,2346.515923891114,3534.657,150553.22200218396,75276.61100109198
ROM-25-02184,Michael Girma,Anfilo,Oromia,2024-12-17,18.68,Passed,,84.57,True,325.45001220703125,8.277246059118651,18680.0,18399.8,152299.67203857136,2319.284345765052,3461.964,148837.70803857135,74418.85401928567
ROM-25-A2698,Zenebe Dikicha,Aroresa,Sidama,2024-12-19,19.38,Rejected,Primary Defects,77.73,True,323.75,8.239767249999998,19380.0,19089.3,157291.38896542497,2395.3003395750056,3586.0739999999996,153705.31496542497,76852.65748271249
ROM-25-E5DDC,Zenebe Dikicha,Aroresa,Sidama,2024-12-20,19.23,Passed,,87.42,True,325.0,8.267325,19230.0,18941.55,156595.94985374997,2384.709896250006,3559.479,153036.47085374998,76518.23542687499
ROM-25-93E40,Belete Tanga,Bona,Sidama,2024-12-21,19.47,Rejected,Primary Defects,78.1,False,325.0,8.267325,19470.0,19177.95,158550.34548375,2414.472266249994,3602.031,154948.31448375,77474.157241875
ROM-25-1922A,Zenebe Dikicha,Aroresa,Sidama,2024-12-26,18.67,Rejected,Over-fermented,76.04,True,324.6499938964844,8.259608695440674,18670.0,18389.95,151893.79092871922,2313.103415158155,3460.191,148433.59992871922,74216.79996435961
ROM-25-EA9F5,Oddi Boku,Girja,Sidama,2024-12-26,19.49,Passed,,82.69,True,324.6499938964844,8.259608695440674,19490.0,19197.65,158565.07687202666,2414.696602112069,3605.577,154959.49987202667,77479.74993601334
ROM-25-5E606,Dogada Yemasira,Nansabo,Oromia,2024-12-27,19.06,Passed,,89.05,True,322.6499938964844,8.215516295440672,19060.0,18774.1,154238.92448223272,2348.8161088665,3529.3379999999997,150709.58648223273,75354.79324111636
ROM-25-8B35A,Abebe Jengelo,Hoko Girja,Sidama,2024-12-28,18.72,Rejected,Over-fermented,74.28,True,322.6499938964844,8.215516295440672,18720.0,18439.2,151487.54807488964,2306.9169757597347,3469.056,148018.49207488963,74009.24603744481
ROM-25-214E8,Zenebe Dikicha,Aroresa,Sidama,2025-01-02,18.65,Passed,,88.59,True,326.8500061035156,8.308110604559324,18650.0,18370.25,152622.06883340594,2324.193941625471,3456.645,149165.42383340595,74582.71191670297
ROM-25-E600D,Zenebe Dikicha,Aroresa,Sidama,2025-01-02,19.17,Passed,,87.2,True,326.8500061035156,8.308110604559324,19170.0,18882.45,156877.48308506122,2388.9972043410276,3548.841,153328.64208506123,76664.32104253062
ROM-25-8B7EF,Belete Tanga,Bona,Sidama,2025-01-02,18.85,Rejected,Primary Defects,77.46,True,326.8500061035156,8.308110604559324,18850.0,18567.25,154258.76662250413,2349.118273439149,3492.105,150766.66162250412,75383.33081125206
ROM-25-BC6CC,Abebe Jengelo,Hoko Girja,Sidama,2025-01-03,18.7,Rejected,Under-dried,73.78,True,318.6499938964844,8.127331495440673,18700.0,18419.5,149701.38248026947,2279.7164844711087,3465.5099999999998,146235.87248026946,73117.93624013473
ROM-25-5982C,Oddi Boku,Girja,Sidama,2025-01-04,18.78,Passed,,81.5,True,318.6499938964844,8.127331495440673,18780.0,18498.3,150341.8162021102,2289.4692822656434,3479.694,146862.12220211021,73431.06110105511
ROM-25-58C65,Dogada Yemasira,Nansabo,Oromia,2025-01-05,19.01,Passed,,86.8,True,318.6499938964844,8.127331495440673,19010.0,18724.85,152183.0631524023,2317.50857592492,3520.4729999999995,148662.5901524023,74331.29507620115
ROM-25-56FBE,Michael Girma,Anfilo,Oromia,2025-01-06,18.56,Passed,,86.22,False,318.6000061035156,8.126229454559326,18560.0,18281.6,148560.47639647176,2262.342280149328,3440.6879999999996,145119.78839647176,72559.89419823588
ROM-25-10C37,Belete Tanga,Bona,Sidama,2025-01-09,19.19,Rejected,Over-fermented,72.93,False,318.5,8.1240247,19190.0,18902.15,153561.533483105,2338.500509894988,3552.387,150009.14648310503,75004.57324155251
ROM-25-F90FE,Oddi Boku,Girja,Sidama,2025-01-10,18.52,Rejected,Under-dried,74.64,True,323.8500061035156,8.241972004559324,18520.0,18242.2,150351.7017015721,2289.6198228665744,3433.596,146918.10570157212,73459.05285078606
ROM-25-E5C17,Oddi Boku,Girja,Sidama,2025-01-10,18.58,Passed,,84.12,True,323.8500061035156,8.241972004559324,18580.0,18301.3,150838.80224704155,2297.0375976706896,3444.234,147394.56824704155,73697.28412352077
ROM-25-E4628,Belete Tanga,Bona,Sidama,2025-01-12,18.76,Passed,,89.14,True,323.8500061035156,8.241972004559324,18760.0,18478.6,152300.10388344992,2319.2909220830056,3476.1479999999997,148823.95588344993,74411.97794172497
ROM-25-FB3D8,Michael Girma,Anfilo,Oromia,2025-01-13,19.1,Rejected,Over-fermented,76.52,True,325.95001220703125,8.288269159118652,19100.0,18813.5,155931.35182507877,2374.5891140874937,3536.43,152394.92182507878,76197.46091253939
ROM-25-C9BD1,Zenebe Dikicha,Aroresa,Sidama,2025-01-14,18.97,Passed,,87.65,False,321.95001220703125,8.200084359118652,18970.0,18685.45,153222.2662880936,2333.3340043872063,3513.381,149708.88528809362,74854.44264404681
ROM-25-7923E,Zenebe Dikicha,Aroresa,Sidama,2025-01-16,19.29,Rejected,High Moisture (>12.5%),77.54,True,327.1499938964844,8.314724195440673,19290.0,19000.65,157985.16428409985,2405.8654459507466,3570.117,154415.04728409986,77207.52364204993
ROM-25-C9F9D,Michael Girma,Anfilo,Oromia,2025-01-17,18.89,Rejected,High Moisture (>12.5%),72.51,True,328.3500061035156,8.341179904559326,18890.0,18606.65,155201.4150711688,2363.473325956873,3499.197,151702.2180711688,75851.1090355844
ROM-25-FBC4E,Zenebe Dikicha,Aroresa,Sidama,2025-01-18,19.46,Passed,,88.65,True,328.3500061035156,8.341179904559326,19460.0,19168.1,159884.5705285836,2434.7904141408794,3600.258,156284.3125285836,78142.1562642918
ROM-25-FF9DA,Dogada Yemasira,Nansabo,Oromia,2025-01-18,18.66,Passed,,85.13,True,328.3500061035156,8.341179904559326,18660.0,18380.1,153311.72076379086,2334.6962552861673,3458.4179999999997,149853.30276379085,74926.65138189543
ROM-25-462FD,Zenebe Dikicha,Aroresa,Sidama,2025-01-19,19.22,Passed,,86.12,True,328.3500061035156,8.341179904559326,19220.0,18931.7,157912.7155991458,2404.7621664844473,3557.706,154355.0095991458,77177.5047995729
ROM-25-245B5,Astatke Menafesha,Wonsho,Sidama,2025-01-20,18.52,Passed,,84.16,True,328.3500061035156,8.341179904559326,18520.0,18242.2,152161.47205495214,2317.1797774865745,3433.596,148727.87605495215,74363.93802747608
ROM-25-EB2B3,Hagire Buticha,Nansabo,Oromia,2025-01-20,19.3,Passed,,80.88,True,328.3500061035156,8.341179904559326,19300.0,19010.5,158570.00057562505,2414.7715823699245,3571.89,154998.11057562503,77499.05528781252
ROM-25-F69F5,Astatke Menafesha,Wonsho,Sidama,2025-01-20,18.98,Passed,,86.75,False,328.3500061035156,8.341179904559326,18980.0,18695.3,155940.86066970797,2374.733918828046,3515.1539999999995,152425.70666970796,76212.85333485398
ROM-25-3095F,Oddi Boku,Girja,Sidama,2025-01-20,18.66,Passed,,83.32,True,328.3500061035156,8.341179904559326,18660.0,18380.1,153311.72076379086,2334.6962552861673,3458.4179999999997,149853.30276379085,74926.65138189543
ROM-25-6F791,Zenebe Dikicha,Aroresa,Sidama,2025-01-21,19.1,Passed,,89.81,True,327.79998779296875,8.329054090881346,19100.0,18813.5,156698.6591387962,2386.2739970375055,3536.43,153162.22913879622,76581.11456939811
ROM-25-176EF,Astatke Menafesha,Wonsho,Sidama,2025-01-22,19.17,Rejected,Over-fermented,77.79,True,341.8500061035156,8.638803604559325,19170.0,18882.45,163121.7771229112,2484.0879764910273,3548.841,159572.93612291123,79786.46806145561
ROM-25-AEC26,Zenebe Dikicha,Aroresa,Sidama,2025-01-25,19.42,Passed,,86.76,True,347.54998779296875,8.764466540881347,19420.0,19128.7,167652.85112055702,2553.08910335873,3593.166,164059.68512055703,82029.84256027851
ROM-25-82463,Belete Tanga,Bona,Sidama,2025-01-27,18.6,Passed,,88.36,True,349.20001220703125,8.800843309118653,18600.0,18321.0,161240.25026636283,2455.435283244104,3447.7799999999997,157792.47026636283,78896.23513318141
ROM-25-4B66D,Oddi Boku,Girja,Sidama,2025-02-01,18.88,Passed,,84.27,True,377.8500061035156,9.432466804559326,18880.0,18596.8,175413.69867102886,2671.274599051208,3497.4239999999995,171916.27467102886,85958.13733551443
ROM-25-E18B5,Belete Tanga,Bona,Sidama,2025-02-02,19.09,Passed,,84.05,True,377.8500061035156,9.432466804559326,19090.0,18803.65,177364.80442955196,2700.986869485549,3534.657,173830.14742955196,86915.07371477598
ROM-25-13A5F,Abebe Jengelo,Hoko Girja,Sidama,2025-02-02,19.34,Passed,,81.76,False,377.8500061035156,9.432466804559326,19340.0,19049.9,179687.54938017472,2736.3586200026466,3578.982,176108.56738017473,88054.28369008737
ROM-25-7B926,Abebe Jengelo,Hoko Girja,Sidama,2025-02-03,19.39,Rejected,Under-dried,75.99,True,380.8999938964844,9.499707445440674,19390.0,19099.15,181436.33745658826,2762.989910506406,3587.847,177848.49045658825,88924.24522829412
ROM-25-F700B,Dogada Yemasira,Nansabo,Oromia,2025-02-04,18.82,Rejected,Primary Defects,78.18,True,383.3500061035156,9.553720904559325,18820.0,18537.7,177104.0120124494,2697.0154113570907,3486.786,173617.22601244942,86808.61300622471
ROM-25-F3670,Hagire Buticha,Nansabo,Oromia,2025-02-06,18.87,Passed,,85.4,True,403.95001220703125,10.007872759118651,18870.0,18586.95,186015.83058010042,2832.728384468527,3495.651,182520.1795801004,91260.0897900502
ROM-25-B7993,Belete Tanga,Bona,Sidama,2025-02-06,19.5,Passed,,86.44,False,403.95001220703125,10.007872759118651,19500.0,19207.5,192226.2160207715,2927.3027820422053,3607.35,188618.8660207715,94309.43301038575
ROM-25-A0076,Oddi Boku,Girja,Sidama,2025-02-12,19.02,Passed,,82.46,True,431.79998779296875,10.621858890881347,19020.0,18734.7,198997.3397629948,3030.4163415684407,3522.246,195475.09376299477,97737.54688149739
ROM-25-46D4C,Hagire Buticha,Nansabo,Oromia,2025-02-12,18.64,Passed,,85.38,True,431.79998779296875,10.621858890881347,18640.0,18360.4,195021.5779801379,2969.8717458904093,3454.8720000000003,191566.7059801379,95783.35299006895
ROM-25-8D8E0,Dogada Yemasira,Nansabo,Oromia,2025-02-13,19.2,Rejected,Primary Defects,74.16,True,438.8999938964844,10.778387045440672,19200.0,18912.0,203840.855803374,3104.1754690869134,3554.16,200286.695803374,100143.347901687
ROM-25-011B5,Dogada Yemasira,Nansabo,Oromia,2025-02-14,19.2,Passed,,86.67,True,419.75,10.356202449999998,19200.0,18912.0,195856.50073439995,2982.5863055999994,3554.16,192302.34073439994,96151.17036719997
ROM-25-69F7E,Zenebe Dikicha,Aroresa,Sidama,2025-02-16,18.9,Passed,,84.64,True,419.75,10.356202449999998,18900.0,18616.5,192796.24291042495,2935.9833945749992,3500.97,189295.27291042494,94647.63645521247
ROM-25-11AE9,Abebe Jengelo,Hoko Girja,Sidama,2025-02-19,19.07,Passed,,85.35,True,417.8999938964844,10.315416845440673,19070.0,18783.95,193764.27425391533,2950.724988638297,3531.111,190233.16325391532,95116.58162695766
ROM-25-C0911,Belete Tanga,Bona,Sidama,2025-02-21,18.89,Passed,,87.87,True,400.0,9.92079,18890.0,18606.65,184592.66725350003,2811.055846499986,3499.197,181093.47025350004,90546.73512675002
ROM-25-4385A,Michael Girma,Anfilo,Oromia,2025-02-22,19.1,Rejected,Under-dried,78.86,True,400.0,9.92079,19100.0,18813.5,186644.782665,2842.306335,3536.43,183108.352665,91554.1763325
ROM-25-FE84A,Michael Girma,Anfilo,Oromia,2025-02-22,18.64,Rejected,High Moisture (>12.5%),78.91,True,400.0,9.92079,18640.0,18360.4,182149.67271600003,2773.852883999986,3454.8720000000003,178694.80071600003,89347.40035800001
ROM-25-42AB8,Michael Girma,Anfilo,Oromia,2025-02-24,19.16,Passed,,86.62,True,393.79998779296875,9.784103290881346,19160.0,18872.6,184651.46776748728,2811.951285799313,3547.0679999999998,181104.39976748728,90552.19988374364
ROM-25-DC38E,Oddi Boku,Girja,Sidama,2025-02-25,18.9,Rejected,High Moisture (>12.5%),77.37,True,380.5,9.490889099999999,18900.0,18616.5,176687.13693014998,2690.6670598499995,3500.97,173186.16693014998,86593.08346507499
ROM-25-FE467,Zenebe Dikicha,Aroresa,Sidama,2025-02-26,18.73,Passed,,86.83,True,379.45001220703125,9.467740859118653,18730.0,18449.05,174670.82449692299,2659.9617943693925,3470.8289999999997,171199.995496923,85599.9977484615
ROM-25-AE77F,Astatke Menafesha,Wonsho,Sidama,2025-02-27,19.31,Passed,,89.98,True,378.75,9.452308249999998,19310.0,19020.35,179786.21122288745,2737.861084612513,3573.6629999999996,176212.54822288745,88106.27411144372
ROM-25-85A32,Zenebe Dikicha,Aroresa,Sidama,2025-02-27,19.44,Rejected,Primary Defects,77.05,True,378.75,9.452308249999998,19440.0,19148.4,180996.57929429997,2756.2930856999856,3596.712,177399.86729429997,88699.93364714998
ROM-25-D6715,Michael Girma,Anfilo,Oromia,2025-03-01,19.37,Passed,,89.15,False,379.04998779296875,9.458921840881347,19370.0,19079.45,180471.02631700362,2748.2897408680683,3584.301,176886.7253170036,88443.3626585018
ROM-25-2FEE0,Zenebe Dikicha,Aroresa,Sidama,2025-03-02,19.01,Passed,,85.44,True,379.04998779296875,9.458921840881347,19010.0,18724.85,177116.89263222707,2697.21156292733,3520.4729999999995,173596.41963222707,86798.20981611354
ROM-25-400BA,Abebe Jengelo,Hoko Girja,Sidama,2025-03-02,19.09,Passed,,79.19,False,379.04998779296875,9.458921840881347,19090.0,18803.65,177862.25567328854,2708.56226913636,3534.657,174327.59867328854,87163.79933664427
ROM-25-98A8C,Belete Tanga,Bona,Sidama,2025-03-03,18.93,Rejected,Primary Defects,78.98,True,392.70001220703125,9.75985300911865,18930.0,18646.05,181982.7072006768,2771.310261939248,3506.2889999999998,178476.41820067682,89238.20910033841
ROM-25-6EA76,Zenebe Dikicha,Aroresa,Sidama,2025-03-06,18.81,Passed,,86.75,False,393.0,9.7664666,18810.0,18527.85,180951.62819480998,2755.608551190014,3485.0129999999995,177466.61519480997,88733.30759740499
ROM-25-4C5B6,Abebe Jengelo,Hoko Girja,Sidama,2025-03-08,18.92,Passed,,81.08,True,390.20001220703125,9.704737509118651,18920.0,18636.2,180859.42916743702,2754.204505087866,3504.516,177354.91316743701,88677.45658371851
ROM-25-345A7,Abebe Jengelo,Hoko Girja,Sidama,2025-03-08,19.38,Passed,,80.17,True,390.20001220703125,9.704737509118651,19380.0,19089.3,185256.64573281867,2821.167193900799,3586.0739999999996,181670.57173281867,90835.28586640934
ROM-25-AD221,Astatke Menafesha,Wonsho,Sidama,2025-03-12,19.07,Passed,,85.96,True,392.20001220703125,9.748829909118651,19070.0,18783.95,183121.5335713893,2788.652795503383,3531.111,179590.4225713893,89795.21128569465
ROM-25-2C452,Zenebe Dikicha,Aroresa,Sidama,2025-03-12,19.38,Passed,,89.04,True,392.20001220703125,9.748829909118651,19380.0,19089.3,186098.33878413867,2833.984854580799,3586.0739999999996,182512.26478413868,91256.13239206934
ROM-25-9DA75,Michael Girma,Anfilo,Oromia,2025-03-17,18.63,Passed,,88.41,False,389.3500061035156,9.685998104559326,18630.0,18350.55,177743.39251762113,2706.752170319111,3453.0989999999997,174290.29351762115,87145.14675881057
ROM-25-6CB23,Abebe Jengelo,Hoko Girja,Sidama,2025-03-19,19.14,Passed,,82.78,True,394.6000061035156,9.801740654559326,19140.0,18852.9,184791.23638634154,2814.0797419239684,3543.522,181247.71438634154,90623.85719317077
ROM-25-2FE5A,Hagire Buticha,Nansabo,Oromia,2025-03-19,18.71,Rejected,Over-fermented,75.38,True,394.6000061035156,9.801740654559326,18710.0,18429.35,180639.7091321029,2750.858514702089,3467.2829999999994,177172.4261321029,88586.21306605145
ROM-25-3E43B,Dogada Yemasira,Nansabo,Oromia,2025-03-20,19.03,Passed,,83.4,False,392.1499938964844,9.747727195440673,19030.0,18744.55,182716.75980129745,2782.488727938547,3524.019,179192.74080129745,89596.37040064872
ROM-25-1700F,Zenebe Dikicha,Aroresa,Sidama,2025-03-20,19.36,Passed,,88.93,True,392.1499938964844,9.747727195440673,19360.0,19069.6,185885.25852617543,2830.7399775559857,3582.528,182302.73052617544,91151.36526308772
ROM-25-3F65C,Belete Tanga,Bona,Sidama,2025-03-20,18.71,Passed,,85.43,True,392.1499938964844,9.747727195440673,18710.0,18429.35,179644.27618929456,2735.699637400439,3467.2829999999994,176176.99318929456,88088.49659464728
ROM-25-B83DE,Hagire Buticha,Nansabo,Oromia,2025-03-21,19.15,Rejected,Over-fermented,73.7,False,391.3999938964844,9.731192545440672,19150.0,18862.75,183557.05218651105,2795.285058677833,3545.295,180011.75718651104,90005.87859325552
ROM-25-BE726,Hagire Buticha,Nansabo,Oromia,2025-03-23,18.55,Passed,,86.0,False,391.3999938964844,9.731192545440672,18550.0,18271.75,177805.9173921556,2707.704325768867,3438.915,174367.00239215558,87183.50119607779
ROM-25-AE7E6,Dogada Yemasira,Nansabo,Oromia,2025-03-23,19.0,Passed,,87.23,True,391.3999938964844,9.731192545440672,19000.0,18715.0,182119.26848792218,2773.3898754505917,3518.7,178600.56848792217,89300.28424396108
ROM-25-80354,Hagire Buticha,Nansabo,Oromia,2025-03-23,19.29,Passed,,80.27,True,391.3999938964844,9.731192545440672,19290.0,19000.65,184898.98363852734,2815.7205630232443,3570.117,181328.86663852734,90664.43331926367
ROM-25-3842F,Oddi Boku,Girja,Sidama,2025-03-25,19.29,Rejected,High Moisture (>12.5%),73.44,True,398.54998779296875,9.888822740881347,19290.0,19000.65,187894.05981152717,2861.3308600740033,3570.117,184323.94281152717,92161.97140576359
ROM-25-BF6FB,Michael Girma,Anfilo,Oromia,2025-03-27,18.65,Passed,,87.95,True,378.79998779296875,9.453410290881346,18650.0,18370.25,173661.51039606304,2644.5915288740566,3456.645,170204.86539606305,85102.43269803152
ROM-25-D3F09,Astatke Menafesha,Wonsho,Sidama,2025-03-29,18.57,Passed,,85.48,True,379.95001220703125,9.478763959118652,18570.0,18291.45,173380.33702002087,2640.3097008124937,3442.461,169937.87602002086,84968.93801001043
ROM-25-7A095,Abebe Jengelo,Hoko Girja,Sidama,2025-03-30,19.08,Passed,,79.47,True,379.95001220703125,9.478763959118652,19080.0,18793.8,178141.9940948841,2712.822245099765,3532.8839999999996,174609.11009488412,87304.55504744206
ROM-25-417E6,Astatke Menafesha,Wonsho,Sidama,2025-03-30,19.44,Rejected,Over-fermented,74.09,False,379.95001220703125,9.478763959118652,19440.0,19148.4,181503.1637947876,2764.007570478985,3596.712,177906.4517947876,88953.2258973938
ROM-25-485CF,Zenebe Dikicha,Aroresa,Sidama,2025-03-30,18.74,Passed,,87.24,True,379.95001220703125,9.478763959118652,18740.0,18458.9,174967.5560449753,2664.480548908239,3472.6020000000003,171494.95404497528,85747.47702248764
ROM-25-1A1BD,Astatke Menafesha,Wonsho,Sidama,2025-03-31,19.39,Rejected,Primary Defects,77.57,True,379.75,9.47435445,19390.0,19099.15,180952.11679371752,2755.615991782486,3587.847,177364.2697937175,88682.13489685876
ROM-25-18A3F,Michael Girma,Anfilo,Oromia,2025-03-31,19.3,Rejected,High Moisture (>12.5%),77.25,False,379.75,9.47435445,19300.0,19010.5,180112.215271725,2742.825613275,3571.89,176540.32527172499,88270.16263586249
ROM-25-4989E,Belete Tanga,Bona,Sidama,2025-04-01,18.91,Passed,,84.15,True,389.04998779296875,9.679383840881346,18910.0,18626.35,180291.59120460026,2745.557226466008,3502.7429999999995,176788.84820460028,88394.42410230014
ROM-25-1AC73,Belete Tanga,Bona,Sidama,2025-04-01,18.56,Passed,,89.97,True,389.04998779296875,9.679383840881346,18560.0,18281.6,176954.6236254564,2694.740461301381,3440.6879999999996,173513.93562545642,86756.96781272821
ROM-25-DBBA7,Astatke Menafesha,Wonsho,Sidama,2025-04-01,18.9,Passed,,84.9,True,389.04998779296875,9.679383840881346,18900.0,18616.5,180196.24927376758,2744.105318889862,3500.97,176695.27927376758,88347.63963688379
ROM-25-1B21C,Astatke Menafesha,Wonsho,Sidama,2025-04-01,18.78,Passed,,88.78,False,389.04998779296875,9.679383840881346,18780.0,18498.3,179052.1461037754,2726.6824279762823,3479.694,175572.4521037754,87786.2260518877
ROM-25-BCF2A,Astatke Menafesha,Wonsho,Sidama,2025-04-05,19.19,Rejected,Over-fermented,74.21,True,365.70001220703125,9.164605609118652,19190.0,18902.15,173230.74991440214,2638.031724584791,3552.387,169678.36291440215,84839.18145720108
ROM-25-E1718,Hagire Buticha,Nansabo,Oromia,2025-04-07,18.97,Passed,,79.08,True,344.79998779296875,8.703839490881347,18970.0,18685.45,162635.15761488886,2476.677527130281,3513.381,159121.77661488886,79560.88830744443
ROM-25-BF1B9,Hagire Buticha,Nansabo,Oromia,2025-04-07,18.91,Passed,,80.91,True,344.79998779296875,8.703839490881347,18910.0,18626.35,162120.76070097776,2468.8440715885067,3502.7429999999995,158618.01770097777,79309.00885048888
ROM-25-45EB2,Abebe Jengelo,Hoko Girja,Sidama,2025-04-09,18.56,Passed,,80.12,True,341.70001220703125,8.635496809118651,18560.0,18281.6,157870.69846558353,2404.1223116586452,3440.6879999999996,154430.01046558353,77215.00523279177
ROM-25-4DB2C,Astatke Menafesha,Wonsho,Sidama,2025-04-09,19.35,Passed,,89.8,True,341.70001220703125,8.635496809118651,19350.0,19059.75,164590.4103075992,2506.4529488466883,3580.7549999999997,161009.6553075992,80504.8276537996
ROM-25-19CB6,Hagire Buticha,Nansabo,Oromia,2025-04-10,18.55,Rejected,Under-dried,77.9,True,342.8500061035156,8.660849804559325,18550.0,18271.75,158248.88241645685,2409.881458118632,3438.915,154809.96741645684,77404.98370822842
ROM-25-D30C5,Michael Girma,Anfilo,Oromia,2025-04-12,18.9,Passed,,83.78,False,357.70001220703125,8.988236009118651,18900.0,18616.5,167329.49566375738,2548.1649085851377,3500.97,163828.52566375738,81914.26283187869
ROM-25-E047E,Abebe Jengelo,Hoko Girja,Sidama,2025-04-13,19.07,Passed,,82.87,False,357.70001220703125,8.988236009118651,19070.0,18783.95,168834.5757834843,2571.0849104083836,3531.111,165303.4647834843,82651.73239174215
ROM-25-A6C5C,Michael Girma,Anfilo,Oromia,2025-04-13,18.64,Passed,,83.82,True,357.70001220703125,8.988236009118651,18640.0,18360.4,165027.6084218221,2513.110788149562,3454.8720000000003,161572.7364218221,80786.36821091105
ROM-25-97A52,Abebe Jengelo,Hoko Girja,Sidama,2025-04-15,19.0,Passed,,82.58,True,369.3999938964844,9.246176145440673,19000.0,18715.0,173042.1865619222,2635.160201450592,3518.7,169523.48656192218,84761.74328096109
ROM-25-CA138,Abebe Jengelo,Hoko Girja,Sidama,2025-04-17,19.14,Rejected,Primary Defects,76.26,True,375.5,9.3806581,19140.0,18852.9,176852.60909349,2693.1869405099865,3543.522,173309.08709349,86654.543546745
ROM-25-AFEC7,Astatke Menafesha,Wonsho,Sidama,2025-04-18,19.04,Passed,,84.3,False,375.5,9.3806581,19040.0,18754.4,175928.61427064,2679.115953359986,3525.792,172402.82227064003,86201.41113532001
ROM-25-D1C39,Abebe Jengelo,Hoko Girja,Sidama,2025-04-19,19.0,Passed,,80.22,True,375.5,9.3806581,19000.0,18715.0,175559.01634149998,2673.4875585,3518.7,172040.31634149997,86020.15817074999
ROM-25-2C967,Oddi Boku,Girja,Sidama,2025-04-19,18.94,Passed,,85.19,True,375.5,9.3806581,18940.0,18655.9,175004.61944779,2665.0449662099863,3508.0620000000004,171496.55744779,85748.278723895
ROM-25-458E6,Hagire Buticha,Nansabo,Oromia,2025-04-21,18.82,Rejected,Over-fermented,74.5,False,366.79998779296875,9.188855890881348,18820.0,18537.7,170340.25384839118,2594.0140179957975,3486.786,166853.46784839118,83426.73392419559
ROM-25-82B57,Dogada Yemasira,Nansabo,Oromia,2025-04-21,19.4,Passed,,87.62,True,366.79998779296875,9.188855890881348,19400.0,19109.0,175589.84721885168,2673.9570642464723,3589.62,172000.22721885168,86000.11360942584
ROM-25-DDDF3,Michael Girma,Anfilo,Oromia,2025-04-22,18.96,Passed,,89.76,False,377.6499938964844,9.428057295440674,18960.0,18675.6,176074.62682673184,2681.3394948233413,3511.6079999999997,172563.01882673183,86281.50941336591
ROM-25-C7D46,Michael Girma,Anfilo,Oromia,2025-04-24,18.74,Passed,,88.38,True,408.0,10.0971596,18740.0,18458.9,186382.45934044,2838.311563559985,3472.6020000000003,182909.85734043998,91454.92867021999
ROM-25-76EB7,Abebe Jengelo,Hoko Girja,Sidama,2025-04-25,18.61,Passed,,84.46,True,408.25,10.102671149999999,18610.0,18330.85,185190.54944997746,2820.1606515225144,3449.5529999999994,181740.99644997748,90870.49822498874
ROM-25-A047D,Zenebe Dikicha,Aroresa,Sidama,2025-04-26,18.57,Passed,,88.07,True,408.25,10.102671149999999,18570.0,18291.45,184792.50420666748,2814.0990488324924,3442.461,181350.04320666747,90675.02160333373
ROM-25-7DCCC,Belete Tanga,Bona,Sidama,2025-04-26,18.51,Passed,,86.55,True,408.25,10.102671149999999,18510.0,18232.35,184195.43634170247,2805.0066447975146,3431.8229999999994,180763.61334170247,90381.80667085123
ROM-25-0BC72,Dogada Yemasira,Nansabo,Oromia,2025-04-27,19.26,Passed,,83.62,True,408.25,10.102671149999999,19260.0,18971.1,191658.78465376497,2918.6616952350146,3564.798,188093.98665376497,94046.99332688248
ROM-25-5FCA3,Belete Tanga,Bona,Sidama,2025-04-28,18.53,Passed,,89.41,True,421.54998779296875,10.395885340881346,18530.0,18252.05,189746.21903603338,2889.536330497978,3435.3689999999997,186310.85003603337,93155.42501801669
ROM-25-D49B4,Oddi Boku,Girja,Sidama,2025-05-06,19.39,Rejected,Primary Defects,72.84,True,401.1000061035156,9.945040954559325,19390.0,19099.15,189941.82894727174,2892.515161633565,3587.847,186353.98194727174,93176.99097363587
ROM-25-A3E11,Astatke Menafesha,Wonsho,Sidama,2025-05-06,18.66,Passed,,83.59,False,401.1000061035156,9.945040954559325,18660.0,18380.1,182790.84724889582,2783.6169631811695,3458.4179999999997,179332.42924889582,89666.21462444791
ROM-25-B7122,Dogada Yemasira,Nansabo,Oromia,2025-05-06,18.93,Passed,,88.87,True,401.1000061035156,9.945040954559325,18930.0,18646.05,185435.7308907609,2823.8943790471276,3506.2889999999998,181929.4418907609,90964.72094538045
ROM-25-BE4EA,Dogada Yemasira,Nansabo,Oromia,2025-05-06,19.35,Rejected,Over-fermented,72.53,True,401.1000061035156,9.945040954559325,19350.0,19059.75,189549.9943336621,2886.548137060844,3580.7549999999997,185969.2393336621,92984.61966683104
ROM-25-BA7D4,Michael Girma,Anfilo,Oromia,2025-05-07,18.77,Passed,,88.35,True,396.20001220703125,9.837014709118652,18770.0,18488.45,181871.15459880474,2769.6114913523493,3477.921,178393.23359880474,89196.61679940237
ROM-25-9CBF6,Dogada Yemasira,Nansabo,Oromia,2025-05-08,19.34,Passed,,89.85,False,397.79998779296875,9.872288090881346,19340.0,19049.9,188066.10090248057,2863.9507751646643,3578.982,184487.11890248058,92243.55945124029
ROM-25-53B67,Michael Girma,Anfilo,Oromia,2025-05-10,19.29,Passed,,86.22,False,397.1499938964844,9.857958195440673,19290.0,19000.65,187307.61338619984,2852.4002038507447,3570.117,183737.49638619984,91868.74819309992
ROM-25-59CCB,Michael Girma,Anfilo,Oromia,2025-05-12,18.75,Passed,,87.94,True,382.45001220703125,9.533879459118651,18750.0,18468.75,176078.8362605976,2681.403597877121,3474.375,172604.4612605976,86302.2306302988
ROM-25-FE31E,Dogada Yemasira,Nansabo,Oromia,2025-05-12,18.76,Rejected,Primary Defects,77.59,True,382.45001220703125,9.533879459118651,18760.0,18478.6,176172.7449732699,2682.8336797960023,3476.1479999999997,172696.59697326992,86348.29848663496
ROM-25-DEBD1,Astatke Menafesha,Wonsho,Sidama,2025-05-13,19.13,Passed,,87.06,True,384.8500061035156,9.586790204559327,19130.0,18843.05,180644.36716402162,2750.9294491983055,3541.749,177102.6181640216,88551.3090820108
ROM-25-6126D,Michael Girma,Anfilo,Oromia,2025-05-13,19.2,Passed,,87.5,False,384.8500061035156,9.586790204559327,19200.0,18912.0,181305.37634862598,2760.995578913086,3554.16,177751.21634862598,88875.60817431299
ROM-25-7E699,Oddi Boku,Girja,Sidama,2025-05-13,18.99,Passed,,82.61,True,384.8500061035156,9.586790204559327,18990.0,18705.15,179322.3487948129,2730.7971897687103,3516.927,175805.4217948129,87902.71089740645
ROM-25-82ECE,Oddi Boku,Girja,Sidama,2025-05-13,18.9,Passed,,85.65,False,384.8500061035156,9.586790204559327,18900.0,18616.5,178472.4798431787,2717.855022992569,3500.97,174971.5098431787,87485.75492158935
ROM-25-2E1E3,Abebe Jengelo,Hoko Girja,Sidama,2025-05-16,18.78,Passed,,84.15,True,376.25,9.397192749999999,18780.0,18498.3,173832.09064732498,2647.1891976750067,3479.694,170352.396647325,85176.1983236625
ROM-25-30636,Astatke Menafesha,Wonsho,Sidama,2025-05-18,18.96,Passed,,87.19,True,376.25,9.397192749999999,18960.0,18675.6,175498.21292189995,2672.561618100013,3511.6079999999997,171986.60492189994,85993.30246094997
ROM-25-13782,Belete Tanga,Bona,Sidama,2025-05-18,18.76,Rejected,High Moisture (>12.5%),72.13,True,376.25,9.397192749999999,18760.0,18478.6,173646.96595014996,2644.370039850013,3476.1479999999997,170170.81795014997,85085.40897507498
ROM-25-94DED,Michael Girma,Anfilo,Oromia,2025-05-21,19.32,Passed,,85.39,True,370.29998779296875,9.266017590881347,19320.0,19030.2,176334.16795799023,2685.2918978374078,3575.436,172758.73195799024,86379.36597899512
ROM-25-D0202,Zenebe Dikicha,Aroresa,Sidama,2025-05-22,19.46,Passed,,88.92,True,360.75,9.05547665,19460.0,19168.1,173576.28197486498,2643.293634135013,3600.258,169976.02397486498,84988.01198743249
ROM-25-43A38,Dogada Yemasira,Nansabo,Oromia,2025-05-22,18.93,Rejected,Over-fermented,75.69,True,360.75,9.05547665,18930.0,18646.05,168848.87038973247,2571.3025947675064,3506.2889999999998,165342.58138973248,82671.29069486624
ROM-25-26F82,Zenebe Dikicha,Aroresa,Sidama,2025-05-25,19.28,Passed,,85.6,True,361.0,9.060988199999999,19280.0,18990.8,172075.41470855998,2620.437787440006,3568.3439999999996,168507.07070855997,84253.53535427999
ROM-25-911F3,Michael Girma,Anfilo,Oromia,2025-05-27,19.26,Passed,,89.64,True,361.70001220703125,9.076420809118652,19260.0,18971.1,172189.68681187084,2622.177971754392,3564.798,168624.88881187083,84312.44440593541
ROM-25-B208C,Hagire Buticha,Nansabo,Oromia,2025-05-28,18.63,Passed,,81.82,True,351.95001220703125,8.861470359118652,18630.0,18350.55,162612.85489852476,2476.3378918557137,3453.0989999999997,159159.75589852477,79579.87794926239
ROM-25-F4D52,Zenebe Dikicha,Aroresa,Sidama,2025-05-28,18.86,Passed,,83.52,True,351.95001220703125,8.861470359118652,18860.0,18577.1,164620.4210083831,2506.9099645946794,3493.8779999999997,161126.5430083831,80563.27150419155
ROM-25-307D8,Belete Tanga,Bona,Sidama,2025-05-29,19.11,Rejected,Primary Defects,74.2,True,348.3999938964844,8.783205945440672,19110.0,18823.35,165329.35963311067,2517.7059842605813,3538.2029999999995,161791.15663311066,80895.57831655533
ROM-25-46527,Belete Tanga,Bona,Sidama,2025-06-01,18.59,Rejected,Under-dried,73.29,True,342.45001220703125,8.652031459118652,18590.0,18311.15,158428.6458526405,2412.6189723752236,3446.007,154982.6388526405,77491.31942632025
ROM-25-ABF1E,Oddi Boku,Girja,Sidama,2025-06-03,19.34,Rejected,High Moisture (>12.5%),78.89,True,340.8500061035156,8.616757404559326,19340.0,19049.9,164148.36688111472,2499.721323062648,3578.982,160569.38488111473,80284.69244055737
ROM-25-471A2,Hagire Buticha,Nansabo,Oromia,2025-06-05,19.01,Rejected,Primary Defects,73.4,True,359.75,9.03343045,19010.0,18724.85,169149.63016168246,2575.882692817513,3520.4729999999995,165629.15716168247,82814.57858084123
ROM-25-B2C6B,Hagire Buticha,Nansabo,Oromia,2025-06-08,18.67,Rejected,High Moisture (>12.5%),77.88,False,358.04998779296875,8.995951640881346,18670.0,18389.95,165435.1008782259,2519.3162570288146,3460.191,161974.9098782259,80987.45493911295
ROM-25-04BED,Abebe Jengelo,Hoko Girja,Sidama,2025-06-09,19.38,Passed,,80.87,True,361.54998779296875,9.073113340881347,19380.0,19089.3,173199.38249808628,2637.5540481942144,3586.0739999999996,169613.3084980863,84806.65424904315
ROM-25-19682,Michael Girma,Anfilo,Oromia,2025-06-10,18.93,Passed,,85.08,True,355.04998779296875,8.929813040881347,18930.0,18646.05,166505.74045092563,2535.620412958265,3506.2889999999998,162999.45145092564,81499.72572546282
ROM-25-27341,Oddi Boku,Girja,Sidama,2025-06-10,18.85,Passed,,84.49,True,355.04998779296875,8.929813040881347,18850.0,18567.25,165802.0711833042,2524.904637309201,3492.105,162309.96618330418,81154.98309165209
ROM-25-EA13F,Belete Tanga,Bona,Sidama,2025-06-11,18.82,Passed,,83.5,False,350.6499938964844,8.832809895440674,18820.0,18537.7,163739.9799987106,2493.502233482896,3486.786,160253.1939987106,80126.5969993553
ROM-25-5E9BB,Hagire Buticha,Nansabo,Oromia,2025-06-12,18.86,Rejected,Over-fermented,76.7,True,347.79998779296875,8.769978090881347,18860.0,18577.1,162920.75999211185,2481.026801910346,3493.8779999999997,159426.88199211186,79713.44099605593
ROM-25-20663,Michael Girma,Anfilo,Oromia,2025-06-13,19.02,Passed,,87.66,True,349.70001220703125,8.811866409118652,19020.0,18734.7,165087.67361491523,2514.025486521545,3522.246,161565.4276149152,80782.7138074576
ROM-25-0A0D2,Hagire Buticha,Nansabo,Oromia,2025-06-14,19.44,Rejected,High Moisture (>12.5%),75.7,True,349.70001220703125,8.811866409118652,19440.0,19148.4,168733.14274836762,2569.540244898986,3596.712,165136.43074836762,82568.21537418381
ROM-25-59196,Zenebe Dikicha,Aroresa,Sidama,2025-06-15,19.4,Rejected,Under-dried,75.02,True,349.70001220703125,8.811866409118652,19400.0,19109.0,168385.9552118483,2564.2531250535276,3589.62,164796.33521184832,82398.16760592416
ROM-25-97BFD,Belete Tanga,Bona,Sidama,2025-06-17,19.4,Passed,,84.41,True,335.8500061035156,8.506526404559326,19400.0,19109.0,162551.21306472414,2475.3991837267636,3589.62,158961.59306472415,79480.79653236207
ROM-25-394CE,Zenebe Dikicha,Aroresa,Sidama,2025-06-19,18.74,Passed,,84.86,False,324.8999938964844,8.265120245440674,18740.0,18458.9,152565.02809856486,2323.3253009933615,3472.6020000000003,149092.42609856484,74546.21304928242
ROM-25-2F713,Dogada Yemasira,Nansabo,Oromia,2025-06-23,18.51,Rejected,Over-fermented,76.28,True,330.29998779296875,8.384169590881347,18510.0,18232.35,152863.1144403055,2327.864686908218,3431.8229999999994,149431.2914403055,74715.64572015275
ROM-25-1C050,Abebe Jengelo,Hoko Girja,Sidama,2025-06-24,19.28,Passed,,85.29,True,315.3500061035156,8.054579304559326,19280.0,18990.8,152962.90465702524,2329.3843348785626,3568.3439999999996,149394.56065702523,74697.28032851261
ROM-25-3FBE3,Belete Tanga,Bona,Sidama,2025-06-25,19.24,Passed,,89.14,False,308.6499938964844,7.906869495440673,19240.0,18951.4,149846.24655589438,2281.9225363841665,3561.252,146284.99455589437,73142.49727794719
ROM-25-14E82,Belete Tanga,Bona,Sidama,2025-06-25,18.76,Passed,,86.62,False,308.6499938964844,7.906869495440673,18760.0,18478.6,146107.87865845,2224.993076017017,3476.1479999999997,142631.73065845002,71315.86532922501
ROM-25-92F6C,Dogada Yemasira,Nansabo,Oromia,2025-06-26,18.67,Rejected,Primary Defects,73.81,True,309.5,7.925608899999999,18670.0,18389.95,145751.551390555,2219.566772444994,3460.191,142291.360390555,71145.6801952775
ROM-25-453C7,Astatke Menafesha,Wonsho,Sidama,2025-06-26,18.7,Passed,,86.45,True,309.5,7.925608899999999,18700.0,18419.5,145985.75313355,2223.1332964499998,3465.5099999999998,142520.24313355,71260.121566775
ROM-25-606A5,Astatke Menafesha,Wonsho,Sidama,2025-06-28,18.9,Passed,,83.57,True,309.8999938964844,7.9344272454406735,18900.0,18616.5,147711.2648147463,2249.410124082431,3500.97,144210.2948147463,72105.14740737315
ROM-25-F15B4,Michael Girma,Anfilo,Oromia,2025-06-29,18.52,Passed,,84.63,False,309.8999938964844,7.9344272454406735,18520.0,18242.2,144741.40869677786,2204.1838887834133,3433.596,141307.81269677787,70653.90634838893
ROM-25-60C5C,Abebe Jengelo,Hoko Girja,Sidama,2025-06-30,18.61,Passed,,84.56,False,306.75,7.8649818499999995,18610.0,18330.85,144171.80254507248,2195.5096834275114,3449.5529999999994,140722.2495450725,70361.12477253625
ROM-25-123D0,Oddi Boku,Girja,Sidama,2025-07-03,18.98,Passed,,82.92,False,292.6499938964844,7.554130295440673,18980.0,18695.3,141226.732112352,2150.660895111965,3515.1539999999995,137711.578112352,68855.789056176
ROM-25-85F82,Dogada Yemasira,Nansabo,Oromia,2025-07-04,19.31,Passed,,85.38,True,292.6499938964844,7.554130295440673,19310.0,19020.35,143682.20216488498,2188.0538400744017,3573.6629999999996,140108.53916488498,70054.26958244249
ROM-25-4C205,Belete Tanga,Bona,Sidama,2025-07-07,19.09,Passed,,85.01,True,280.04998779296875,7.276348040881348,19090.0,18803.65,136821.90183891857,2083.5822615063635,3534.657,133287.24483891856,66643.62241945928
ROM-25-72CB2,Abebe Jengelo,Hoko Girja,Sidama,2025-07-07,18.58,Passed,,83.15,True,280.04998779296875,7.276348040881348,18580.0,18301.3,133166.6284005818,2027.918198993637,3444.234,129722.3944005818,64861.1972002909
ROM-25-C4CD1,Oddi Boku,Girja,Sidama,2025-07-08,18.59,Passed,,81.52,False,287.3999938964844,7.438387745440673,18590.0,18311.15,136205.43376492598,2074.194422816121,3446.007,132759.42676492597,66379.71338246299
ROM-25-63574,Zenebe Dikicha,Aroresa,Sidama,2025-07-08,18.79,Passed,,83.98,True,287.3999938964844,7.438387745440673,18790.0,18508.15,137670.7961507778,2096.509586052443,3481.467,134189.3291507778,67094.6645753889
ROM-25-83854,Oddi Boku,Girja,Sidama,2025-07-09,18.74,Passed,,84.16,True,285.8500061035156,7.4042164045593255,18740.0,18458.9,136673.69019012013,2081.325231321616,3472.6020000000003,133201.08819012012,66600.54409506006
ROM-25-B4AAF,Belete Tanga,Bona,Sidama,2025-07-10,18.7,Passed,,88.6,True,289.8999938964844,7.493503245440674,18700.0,18419.5,138026.58302939447,2101.927660346109,3465.5099999999998,134561.07302939447,67280.53651469723
ROM-25-170F8,Hagire Buticha,Nansabo,Oromia,2025-07-11,18.56,Passed,,82.98,True,288.6000061035156,7.464843454559325,18560.0,18281.6,136469.28209887174,2078.212417749327,3440.6879999999996,133028.59409887175,66514.29704943587
ROM-25-80AB2,Michael Girma,Anfilo,Oromia,2025-07-13,18.78,Passed,,89.13,False,288.6000061035156,7.464843454559325,18780.0,18498.3,138086.91367547476,2102.8464011493675,3479.694,134607.21967547477,67303.60983773739
ROM-25-578BC,Astatke Menafesha,Wonsho,Sidama,2025-07-15,18.65,Rejected,Primary Defects,77.24,True,301.6000061035156,7.751444054559325,18650.0,18370.25,142395.96514326843,2168.466474262971,3456.645,138939.32014326844,69469.66007163422
ROM-25-A3695,Hagire Buticha,Nansabo,Oromia,2025-07-15,19.22,Passed,,84.97,True,301.6000061035156,7.751444054559325,19220.0,18931.7,146748.01340770078,2234.7413209294477,3557.706,143190.30740770078,71595.15370385039
ROM-25-8C226,Hagire Buticha,Nansabo,Oromia,2025-07-15,19.35,Passed,,82.41,True,301.6000061035156,7.751444054559325,19350.0,19059.75,147740.5858188871,2249.8566368358443,3580.7549999999997,144159.8308188871,72079.91540944355
ROM-25-40926,Michael Girma,Anfilo,Oromia,2025-07-16,18.86,Passed,,84.44,True,314.54998779296875,8.036941940881347,18860.0,18577.1,149303.07412994685,2273.6508750753446,3493.8779999999997,145809.19612994685,72904.59806497343
ROM-25-E1407,Dogada Yemasira,Nansabo,Oromia,2025-07-16,18.85,Passed,,87.58,True,314.54998779296875,8.036941940881347,18850.0,18567.25,149223.9102518292,2272.445333784201,3492.105,145731.80525182918,72865.90262591459
ROM-25-A15BC,Astatke Menafesha,Wonsho,Sidama,2025-07-16,18.83,Rejected,Primary Defects,76.54,True,314.54998779296875,8.036941940881347,18830.0,18547.55,149065.58249559382,2270.0342512019424,3488.5589999999997,145577.0234955938,72788.5117477969
ROM-25-58E96,Abebe Jengelo,Hoko Girja,Sidama,2025-07-18,18.96,Passed,,83.34,True,308.8999938964844,7.9123810454406724,18960.0,18675.6,147768.4634522318,2250.281169323339,3511.6079999999997,144256.8554522318,72128.4277261159
ROM-25-A6D92,Michael Girma,Anfilo,Oromia,2025-07-18,18.96,Passed,,89.83,True,308.8999938964844,7.9123810454406724,18960.0,18675.6,147768.4634522318,2250.281169323339,3511.6079999999997,144256.8554522318,72128.4277261159
ROM-25-DDB91,Astatke Menafesha,Wonsho,Sidama,2025-07-21,18.73,Passed,,83.77,True,297.25,7.655542949999999,18730.0,18449.05,141237.49466169748,2150.8247918025054,3470.8289999999997,137766.66566169748,68883.33283084874
ROM-25-4ED0B,Zenebe Dikicha,Aroresa,Sidama,2025-07-23,19.38,Passed,,84.45,True,301.3500061035156,7.745932504559326,19380.0,19089.3,147864.42935928432,2251.7425790754014,3586.0739999999996,144278.35535928432,72139.17767964216
ROM-25-8CEB1,Hagire Buticha,Nansabo,Oromia,2025-07-23,19.34,Rejected,High Moisture (>12.5%),78.73,True,301.3500061035156,7.745932504559326,19340.0,19049.9,147559.2396186047,2247.095019572649,3578.982,143980.25761860472,71990.12880930236
ROM-25-879FD,Hagire Buticha,Nansabo,Oromia,2025-07-24,18.87,Passed,,79.32,True,304.8500061035156,7.823094204559326,18870.0,18586.95,145407.46082543398,2214.3268146005116,3495.651,141911.80982543397,70955.90491271699
ROM-25-ACAF5,Abebe Jengelo,Hoko Girja,Sidama,2025-07-26,19.28,Passed,,80.66,True,297.54998779296875,7.662156540881346,19280.0,18990.8,145510.48243656947,2215.895671622891,3568.3439999999996,141942.13843656945,70971.06921828473
ROM-25-DE891,Abebe Jengelo,Hoko Girja,Sidama,2025-07-26,19.1,Rejected,Over-fermented,78.92,False,297.54998779296875,7.662156540881346,19100.0,18813.5,144151.98208187122,2195.2078489625055,3536.43,140615.55208187122,70307.77604093561
ROM-25-DEE2F,Belete Tanga,Bona,Sidama,2025-07-27,19.2,Rejected,Primary Defects,77.19,True,297.54998779296875,7.662156540881346,19200.0,18912.0,144906.70450114802,2206.7010837738276,3554.16,141352.54450114802,70676.27225057401
ROM-25-FB429,Astatke Menafesha,Wonsho,Sidama,2025-07-27,18.59,Passed,,88.27,True,297.54998779296875,7.662156540881346,18590.0,18311.15,140302.89774355947,2136.5923514247525,3446.007,136856.89074355946,68428.44537177973
ROM-25-39058,Belete Tanga,Bona,Sidama,2025-07-28,19.0,Passed,,89.44,False,301.70001220703125,7.753648809118651,19000.0,18715.0,145109.53746265557,2209.789910598816,3518.7,141590.83746265556,70795.41873132778
ROM-25-F76FF,Abebe Jengelo,Hoko Girja,Sidama,2025-07-29,18.69,Passed,,80.94,True,296.5,7.6390082999999995,18690.0,18409.65,140631.469150095,2141.5959769049887,3463.737,137167.73215009502,68583.86607504751
ROM-25-0502D,Abebe Jengelo,Hoko Girja,Sidama,2025-07-29,18.63,Passed,,83.01,False,296.5,7.6390082999999995,18630.0,18350.55,140180.00375956498,2134.7208694350056,3453.0989999999997,136726.904759565,68363.4523797825
ROM-25-45A63,Abebe Jengelo,Hoko Girja,Sidama,2025-07-29,19.44,Passed,,79.82,True,296.5,7.6390082999999995,19440.0,19148.4,146274.78653172,2227.5348202799887,3596.712,142678.07453172,71339.03726586
ROM-25-B35C9,Hagire Buticha,Nansabo,Oromia,2025-07-30,18.84,Passed,,79.84,False,293.3999938964844,7.570664945440672,18840.0,18557.4,140491.85765852075,2139.469913581523,3490.3320000000003,137001.52565852075,68500.76282926038
ROM-25-6A2F7,Zenebe Dikicha,Aroresa,Sidama,2025-07-31,18.95,Passed,,87.76,True,295.79998779296875,7.6235756908813475,18950.0,18665.75,142299.75795206852,2167.001390133023,3509.835,138789.92295206853,69394.96147603427
ROM-25-071B6,Zenebe Dikicha,Aroresa,Sidama,2025-08-02,19.04,Passed,,84.57,True,284.20001220703125,7.367840309118652,19040.0,18754.4,138179.42429333486,2104.2551922842763,3525.792,134653.63229333487,67326.81614666744
ROM-25-C9048,Hagire Buticha,Nansabo,Oromia,2025-08-06,18.6,Passed,,82.32,True,293.3999938964844,7.570664945440672,18600.0,18321.0,138702.15246541856,2112.2155197779475,3447.7799999999997,135254.37246541856,67627.18623270928
ROM-25-FF16E,Oddi Boku,Girja,Sidama,2025-08-07,18.56,Passed,,83.82,False,297.79998779296875,7.667668090881347,18560.0,18281.6,140177.24097025642,2134.678796501378,3440.6879999999996,136736.55297025642,68368.27648512821
ROM-25-47C4E,Hagire Buticha,Nansabo,Oromia,2025-08-08,19.48,Passed,,84.61,True,309.3500061035156,7.922302104559326,19480.0,19187.8,152011.54832186343,2314.8966749522406,3603.8039999999996,148407.74432186343,74203.87216093171
ROM-25-76181,Dogada Yemasira,Nansabo,Oromia,2025-08-10,19.18,Passed,,89.7,True,309.3500061035156,7.922302104559326,19180.0,18892.3,149670.50804996616,2279.2463154817237,3550.6139999999996,146119.89404996615,73059.94702498308
ROM-25-A6A40,Hagire Buticha,Nansabo,Oromia,2025-08-10,18.9,Passed,,81.19,False,309.3500061035156,7.922302104559326,18900.0,18616.5,147485.53712952867,2245.972646642569,3500.97,143984.56712952867,71992.28356476434
ROM-25-CE29C,Oddi Boku,Girja,Sidama,2025-08-10,19.26,Passed,,83.6,False,309.3500061035156,7.922302104559326,19260.0,18971.1,150294.78545580542,2288.7530780072007,3564.798,146729.9874558054,73364.9937279027
ROM-25-56ACA,Abebe Jengelo,Hoko Girja,Sidama,2025-08-11,18.66,Passed,,80.1,True,320.70001220703125,8.172526609118652,18660.0,18380.1,150211.85632826173,2287.4901978923226,3458.4179999999997,146753.43832826172,73376.71916413086
ROM-25-B27DA,Michael Girma,Anfilo,Oromia,2025-08-11,19.34,Passed,,85.64,True,320.70001220703125,8.172526609118652,19340.0,19049.9,155685.8146510494,2370.849969305309,3578.982,152106.83265104942,76053.41632552471
ROM-25-D31B7,Zenebe Dikicha,Aroresa,Sidama,2025-08-12,19.46,Passed,,85.7,False,315.1499938964844,8.050169795440674,19460.0,19168.1,154306.45965598637,2349.8445632891444,3600.258,150706.20165598637,75353.10082799318
ROM-25-8E1A0,Oddi Boku,Girja,Sidama,2025-08-13,19.31,Passed,,83.48,False,319.6000061035156,8.148275654559326,19310.0,19020.35,154983.05484619745,2360.1480433431207,3573.6629999999996,151409.39184619745,75704.69592309873
ROM-25-62AC0,Abebe Jengelo,Hoko Girja,Sidama,2025-08-13,19.18,Passed,,84.86,True,319.6000061035156,8.148275654559326,19180.0,18892.3,153939.66814863114,2344.258905816724,3550.6139999999996,150389.05414863114,75194.52707431557
ROM-25-B90E6,Zenebe Dikicha,Aroresa,Sidama,2025-08-14,19.12,Passed,,86.48,False,326.5,8.300394299999999,19120.0,18833.2,156322.98593075998,2380.553085239994,3539.976,152783.00993076,76391.50496538
ROM-25-9C678,Michael Girma,Anfilo,Oromia,2025-08-16,19.27,Rejected,Over-fermented,73.22,False,341.6499938964844,8.634394095440673,19270.0,18980.95,163889.00260585465,2495.77161328712,3566.571,160322.43160585465,80161.21580292733
ROM-25-61224,Belete Tanga,Bona,Sidama,2025-08-18,18.85,Passed,,85.98,True,343.6000061035156,8.677384454559325,18850.0,18567.25,161115.16651391663,2453.530454526649,3492.105,157623.06151391662,78811.53075695831
ROM-25-87825,Oddi Boku,Girja,Sidama,2025-08-18,19.36,Passed,,79.39,False,343.6000061035156,8.677384454559325,19360.0,19069.6,165474.2505946645,2519.912445604041,3582.528,161891.72259466452,80945.86129733226
ROM-25-0ACEA,Dogada Yemasira,Nansabo,Oromia,2025-08-19,18.92,Rejected,High Moisture (>12.5%),78.61,True,356.20001220703125,8.955166709118652,18920.0,18636.2,166890.27782447703,2541.476312047867,3504.516,163385.76182447703,81692.88091223851
ROM-25-78C0F,Michael Girma,Anfilo,Oromia,2025-08-20,18.86,Passed,,85.02,True,360.25,9.04445355,18860.0,18577.1,168019.71804370498,2558.6759092950133,3493.8779999999997,164525.840043705,82262.9200218525
ROM-25-91568,Belete Tanga,Bona,Sidama,2025-08-20,18.61,Passed,,85.07,True,360.25,9.04445355,18610.0,18330.85,165792.52135701748,2524.7592084825133,3449.5529999999994,162342.9683570175,81171.48417850875
ROM-25-F808A,Belete Tanga,Bona,Sidama,2025-08-21,19.37,Passed,,86.41,False,375.25,9.37514655,19370.0,19079.45,178872.6398433975,2723.948830102493,3584.301,175288.3388433975,87644.16942169875
ROM-25-84B4D,Dogada Yemasira,Nansabo,Oromia,2025-08-21,19.27,Passed,,85.42,True,375.25,9.37514655,19270.0,18980.95,177949.18790822252,2709.886110277493,3566.571,174382.61690822252,87191.30845411126
ROM-25-3A70F,Zenebe Dikicha,Aroresa,Sidama,2025-08-22,18.92,Passed,,87.29,False,390.6499938964844,9.714657895440673,18920.0,18636.2,181044.30747101147,2757.019910726056,3504.516,177539.79147101147,88769.89573550574
ROM-25-EA523,Oddi Boku,Girja,Sidama,2025-08-24,18.8,Passed,,84.78,False,390.6499938964844,9.714657895440673,18800.0,18518.0,179896.0349077704,2739.53352651427,3483.24,176412.7949077704,88206.3974538852
ROM-25-13C95,Belete Tanga,Bona,Sidama,2025-08-24,18.86,Passed,,84.86,True,390.6499938964844,9.714657895440673,18860.0,18577.1,180470.1711893909,2748.276718620181,3493.8779999999997,176976.2931893909,88488.14659469546
ROM-25-3541F,Dogada Yemasira,Nansabo,Oromia,2025-08-25,19.28,Passed,,87.18,True,389.95001220703125,9.699225959118651,19280.0,18990.8,184196.06034443047,2805.016147377121,3568.3439999999996,180627.71634443046,90313.85817221523
ROM-25-57218,Zenebe Dikicha,Aroresa,Sidama,2025-08-26,18.62,Rejected,Under-dried,75.37,True,384.04998779296875,9.569152840881346,18620.0,18340.7,175504.96150875252,2672.664388458153,3451.326,172053.63550875252,86026.81775437626
ROM-25-A0F97,Astatke Menafesha,Wonsho,Sidama,2025-08-27,18.87,Passed,,84.57,True,393.79998779296875,9.784103290881346,18870.0,18586.95,181856.63866244705,2769.3904364839577,3495.651,178360.98766244703,89180.49383122352
ROM-25-E090E,Michael Girma,Anfilo,Oromia,2025-08-28,18.88,Passed,,84.82,True,387.75,9.650724049999999,18880.0,18596.8,179472.58501303996,2733.085050960007,3497.4239999999995,175975.16101303996,87987.58050651998
ROM-25-8506B,Belete Tanga,Bona,Sidama,2025-08-28,19.2,Passed,,88.19,True,387.75,9.650724049999999,19200.0,18912.0,182514.4932336,2779.4085263999996,3554.16,178960.3332336,89480.1666168
ROM-25-31B05,Michael Girma,Anfilo,Oromia,2025-08-28,19.16,Passed,,84.79,False,387.75,9.650724049999999,19160.0,18872.6,182134.25470602995,2773.6180919700137,3547.0679999999998,178587.18670602996,89293.59335301498
ROM-25-20111,Belete Tanga,Bona,Sidama,2025-08-30,18.94,Rejected,High Moisture (>12.5%),72.48,True,396.8500061035156,9.851344604559324,18940.0,18655.9,183785.69980819832,2798.76700215529,3508.0620000000004,180277.6378081983,90138.81890409916
ROM-25-416C6,Hagire Buticha,Nansabo,Oromia,2025-08-30,18.54,Rejected,High Moisture (>12.5%),75.71,False,396.8500061035156,9.851344604559324,18540.0,18261.9,179904.27003400194,2739.658934527934,3437.1420000000003,176467.12803400194,88233.56401700097
ROM-25-536A6,Oddi Boku,Girja,Sidama,2025-08-30,18.67,Passed,,83.52,True,396.8500061035156,9.851344604559324,18670.0,18389.95,181165.73471061577,2758.869056506832,3460.191,177705.54371061578,88852.77185530789
ROM-25-A51C1,Zenebe Dikicha,Aroresa,Sidama,2025-09-01,19.31,Passed,,87.7,True,396.8500061035156,9.851344604559324,19310.0,19020.35,187376.02234932993,2853.441964710623,3573.6629999999996,183802.35934932993,91901.17967466496
ROM-25-A1F4A,Abebe Jengelo,Hoko Girja,Sidama,2025-09-02,18.56,Passed,,85.45,True,382.20001220703125,9.528367909118652,18560.0,18281.6,174193.81076734353,2652.6976258986465,3440.6879999999996,170753.12276734354,85376.56138367177
ROM-25-6F68E,Hagire Buticha,Nansabo,Oromia,2025-09-04,18.76,Rejected,Primary Defects,75.4,True,385.75,9.606631649999999,18760.0,18478.6,177517.10360768996,2703.3061463100134,3476.1479999999997,174040.95560768998,87020.47780384499
ROM-25-14750,Dogada Yemasira,Nansabo,Oromia,2025-09-06,19.23,Passed,,83.87,False,385.6000061035156,9.603324854559325,19230.0,18941.55,181901.85789887817,2770.0790542976442,3559.479,178342.37889887817,89171.18944943909
ROM-25-54893,Astatke Menafesha,Wonsho,Sidama,2025-09-06,18.65,Passed,,83.29,False,385.6000061035156,9.603324854559325,18650.0,18370.25,176415.47840946846,2686.5301280629715,3456.645,172958.83340946847,86479.41670473423
ROM-25-40A81,Dogada Yemasira,Nansabo,Oromia,2025-09-07,18.59,Rejected,Primary Defects,77.37,True,385.6000061035156,9.603324854559325,18590.0,18311.15,175847.921910564,2677.887135693854,3446.007,172401.914910564,86200.957455282
ROM-25-E2E98,Belete Tanga,Bona,Sidama,2025-09-09,18.95,Rejected,Primary Defects,75.4,False,393.0,9.7664666,18950.0,18665.75,182298.42393895,2776.1181310499996,3509.835,178788.58893895,89394.294469475
ROM-25-E03BD,Abebe Jengelo,Hoko Girja,Sidama,2025-09-10,18.86,Rejected,Primary Defects,76.22,True,401.0,9.942836199999999,18860.0,18577.1,184709.06237101997,2812.828360980014,3493.8779999999997,181215.18437101998,90607.59218550999
ROM-25-B9D9A,Zenebe Dikicha,Aroresa,Sidama,2025-09-11,19.16,Passed,,84.81,True,400.04998779296875,9.921892040881348,19160.0,18872.6,187251.89973073732,2851.5517725493137,3547.0679999999998,183704.83173073732,91852.41586536866
ROM-25-B1D37,Michael Girma,Anfilo,Oromia,2025-09-11,18.99,Rejected,High Moisture (>12.5%),78.72,True,400.04998779296875,9.921892040881348,18990.0,18705.15,185590.47890849176,2826.2509478450374,3516.927,182073.55190849176,91036.77595424588
ROM-25-FDFF1,Zenebe Dikicha,Aroresa,Sidama,2025-09-14,19.08,Passed,,86.73,True,410.6499938964844,10.155581895440672,19080.0,18793.8,190861.9750265329,2906.527538475128,3532.8839999999996,187329.0910265329,93664.54551326645
ROM-25-162C1,Oddi Boku,Girja,Sidama,2025-09-16,19.25,Passed,,82.85,True,422.25,10.41131795,19250.0,18961.25,197411.6024794375,3006.2680580625,3563.025,193848.57747943752,96924.28873971876
ROM-25-6DDFA,Astatke Menafesha,Wonsho,Sidama,2025-09-17,19.44,Rejected,Over-fermented,78.8,True,388.54998779296875,9.668360740881347,19440.0,19148.4,185133.6388106924,2819.2939920409867,3596.712,181536.9268106924,90768.4634053462
ROM-25-B26C1,Astatke Menafesha,Wonsho,Sidama,2025-09-18,18.98,Passed,,83.85,True,385.8500061035156,9.608836404559325,18980.0,18695.3,179640.07923415795,2735.6357243780467,3515.1539999999995,176124.92523415794,88062.46261707897
ROM-25-602CA,Astatke Menafesha,Wonsho,Sidama,2025-09-18,19.11,Passed,,89.3,True,385.8500061035156,9.608836404559325,19110.0,18823.35,180870.49073576176,2754.3729553669446,3538.2029999999995,177332.28773576175,88666.14386788088
ROM-25-12443,Dogada Yemasira,Nansabo,Oromia,2025-09-19,18.79,Passed,,85.62,False,366.5,9.182242299999999,18790.0,18508.15,169946.317824745,2588.0149922549863,3481.467,166464.850824745,83232.4254123725
ROM-25-7F0E9,Abebe Jengelo,Hoko Girja,Sidama,2025-09-19,19.3,Passed,,79.79,False,366.5,9.182242299999999,19300.0,19010.5,174559.01724414996,2658.2591458499996,3571.89,170987.12724414995,85493.56362207497
ROM-25-D6EB2,Oddi Boku,Girja,Sidama,2025-09-20,18.97,Passed,,85.61,True,366.5,9.182242299999999,18970.0,18685.45,171574.32938453497,2612.8070464649927,3513.381,168060.94838453498,84030.47419226749
ROM-25-22B5B,Oddi Boku,Girja,Sidama,2025-09-21,18.77,Passed,,81.61,True,366.5,9.182242299999999,18770.0,18488.45,169765.427651435,2585.260319564993,3477.921,166287.506651435,83143.7533257175
ROM-25-77B00,Dogada Yemasira,Nansabo,Oromia,2025-09-21,18.73,Passed,,86.91,True,366.5,9.182242299999999,18730.0,18449.05,169403.64730481498,2579.7509741850063,3470.8289999999997,165932.81830481498,82966.40915240749
ROM-25-D0F05,Abebe Jengelo,Hoko Girja,Sidama,2025-09-21,18.9,Rejected,Primary Defects,72.57,True,366.5,9.182242299999999,18900.0,18616.5,170941.21377794998,2603.1656920499995,3500.97,167440.24377794997,83720.12188897499
ROM-25-B9376,Hagire Buticha,Nansabo,Oromia,2025-09-22,19.4,Passed,,80.47,True,367.3500061035156,9.200981704559325,19400.0,19109.0,175821.55939242415,2677.4856760267635,3589.62,172231.93939242416,86115.96969621208
ROM-25-15238,Hagire Buticha,Nansabo,Oromia,2025-09-24,18.53,Passed,,80.5,True,367.75,9.209800049999998,18530.0,18252.05,168097.73100260246,2559.863923897506,3435.3689999999997,164662.36200260246,82331.18100130123
ROM-25-5A5D6,Astatke Menafesha,Wonsho,Sidama,2025-09-25,18.71,Rejected,Under-dried,73.29,True,371.3500061035156,9.289166504559326,18710.0,18429.35,171193.30072080038,2607.0045795045885,3467.2829999999994,167726.0177208004,83863.0088604002
ROM-25-176A4,Zenebe Dikicha,Aroresa,Sidama,2025-09-25,18.73,Rejected,Primary Defects,77.03,False,371.3500061035156,9.289166504559326,18730.0,18449.05,171376.29730094023,2609.7913294559494,3470.8289999999997,167905.46830094024,83952.73415047012
ROM-25-8E293,Michael Girma,Anfilo,Oromia,2025-09-25,18.9,Passed,,86.51,True,371.3500061035156,9.289166504559326,18900.0,18616.5,172931.7682321287,2633.478704042569,3500.97,169430.7982321287,84715.39911606435
ROM-25-AAF04,Hagire Buticha,Nansabo,Oromia,2025-09-26,18.9,Passed,,83.08,True,378.04998779296875,9.436875640881347,18900.0,18616.5,175681.5953684676,2675.3542441898617,3500.97,172180.6253684676,86090.3126842338
ROM-25-20D04,Michael Girma,Anfilo,Oromia,2025-09-26,18.75,Passed,,89.35,True,378.04998779296875,9.436875640881347,18750.0,18468.75,174287.29699252738,2654.1212739978787,3474.375,170812.92199252738,85406.46099626369
ROM-25-3F7B5,Oddi Boku,Girja,Sidama,2025-09-26,19.49,Rejected,High Moisture (>12.5%),78.49,True,378.04998779296875,9.436875640881347,19490.0,19197.65,181165.8356471658,2758.870593611648,3605.577,177560.2586471658,88780.1293235829
ROM-25-E9ABB,Oddi Boku,Girja,Sidama,2025-09-26,18.77,Passed,,83.58,False,378.04998779296875,9.436875640881347,18770.0,18488.45,174473.20344265274,2656.9523366901362,3477.921,170995.28244265274,85497.64122132637
ROM-25-7AF35,Hagire Buticha,Nansabo,Oromia,2025-09-27,19.14,Passed,,84.11,False,378.04998779296875,9.436875640881347,19140.0,18852.9,177912.47276997197,2709.326996497021,3543.522,174368.95076997197,87184.47538498598
ROM-25-6FDBA,Michael Girma,Anfilo,Oromia,2025-10-01,19.36,Passed,,89.69,False,383.8999938964844,9.565846045440672,19360.0,19069.6,182416.85774813543,2777.921691595985,3582.528,178834.32974813544,89417.16487406772
ROM-25-08F94,Michael Girma,Anfilo,Oromia,2025-10-01,18.75,Passed,,89.51,True,383.8999938964844,9.565846045440672,18750.0,18468.75,176669.21915173242,2690.394200280189,3474.375,173194.84415173242,86597.42207586621
ROM-25-281A4,Abebe Jengelo,Hoko Girja,Sidama,2025-10-01,19.22,Passed,,84.31,True,383.8999938964844,9.565846045440672,19220.0,18931.7,181097.72757846917,2757.8334149005386,3557.706,177540.02157846917,88770.01078923458
ROM-25-AE0C3,Dogada Yemasira,Nansabo,Oromia,2025-10-02,18.53,Rejected,High Moisture (>12.5%),72.92,False,378.1000061035156,9.437978354559325,18530.0,18252.05,172262.4528263345,2623.286083649771,3435.3689999999997,168827.0838263345,84413.54191316725
ROM-25-10B75,Belete Tanga,Bona,Sidama,2025-10-03,19.43,Rejected,Under-dried,77.16,False,390.75,9.71686265,19430.0,19138.55,185966.66167015748,2831.979619342507,3594.939,182371.72267015747,91185.86133507873
ROM-25-E1687,Zenebe Dikicha,Aroresa,Sidama,2025-10-03,18.67,Passed,,83.53,True,390.75,9.71686265,18670.0,18389.95,178692.6182903675,2721.2073851324926,3460.191,175232.42729036752,87616.21364518376
ROM-25-FD4A2,Michael Girma,Anfilo,Oromia,2025-10-04,19.22,Passed,,88.06,True,390.75,9.71686265,19220.0,18931.7,183956.728631005,2801.3715019949927,3557.706,180399.022631005,90199.5113155025
ROM-25-490CA,Belete Tanga,Bona,Sidama,2025-10-06,18.95,Passed,,84.73,True,381.3500061035156,9.509628504559325,18950.0,18665.75,177504.34825897822,2703.1119024209884,3509.835,173994.51325897823,86997.25662948911
ROM-25-BAD4D,Belete Tanga,Bona,Sidama,2025-10-06,18.89,Passed,,88.88,True,381.3500061035156,9.509628504559325,18890.0,18606.65,176942.3292143588,2694.553236766871,3499.197,173443.13221435877,86721.56610717939
ROM-25-E257D,Oddi Boku,Girja,Sidama,2025-10-06,19.08,Passed,,83.39,False,381.3500061035156,9.509628504559325,19080.0,18793.8,178722.05618898704,2721.655678004886,3532.8839999999996,175189.17218898705,87594.58609449353
ROM-25-FC1EB,Belete Tanga,Bona,Sidama,2025-10-07,18.77,Passed,,87.86,True,375.3999938964844,9.378453345440674,18770.0,18488.45,173393.06575451265,2640.503539408815,3477.921,169915.14475451264,84957.57237725632
ROM-25-068FE,Dogada Yemasira,Nansabo,Oromia,2025-10-07,18.76,Rejected,Primary Defects,72.98,True,375.3999938964844,9.378453345440674,18760.0,18478.6,173300.68798906,2639.0967714070193,3476.1479999999997,169824.53998906002,84912.26999453001
ROM-25-A3727,Dogada Yemasira,Nansabo,Oromia,2025-10-11,19.21,Passed,,87.87,True,373.04998779296875,9.326644640881346,19210.0,18921.85,176477.37089806068,2687.4726532699733,3555.9329999999995,172921.43789806069,86460.71894903034
ROM-25-645E5,Oddi Boku,Girja,Sidama,2025-10-12,19.28,Passed,,80.28,True,373.04998779296875,9.326644640881346,19280.0,18990.8,177120.44304604945,2697.265630142892,3568.3439999999996,173552.09904604944,86776.04952302472
ROM-25-259FE,Oddi Boku,Girja,Sidama,2025-10-13,19.12,Passed,,82.35,True,385.20001220703125,9.594506509118652,19120.0,18833.2,180695.2599875334,2751.7044668152225,3539.976,177155.28398753342,88577.64199376671
ROM-25-6E355,Michael Girma,Anfilo,Oromia,2025-10-14,19.27,Passed,,85.83,True,399.6499938964844,9.913073695440673,19270.0,18980.95,188159.55615947465,2865.3739516671194,3566.571,184592.98515947466,92296.49257973733
ROM-25-E88A9,Astatke Menafesha,Wonsho,Sidama,2025-10-15,18.9,Passed,,83.45,False,394.8999938964844,9.808354245440674,18900.0,18616.5,182597.2268102463,2780.668428582431,3500.97,179096.2568102463,89548.12840512315
ROM-25-CECEA,Astatke Menafesha,Wonsho,Sidama,2025-10-15,19.27,Passed,,88.44,False,394.8999938964844,9.808354245440674,19270.0,18980.95,186171.88151499716,2835.1047946446197,3566.571,182605.31051499717,91302.65525749858
ROM-25-12283,Dogada Yemasira,Nansabo,Oromia,2025-10-15,19.26,Passed,,87.77,True,394.8999938964844,9.808354245440674,19260.0,18971.1,186075.26922567954,2833.6335415078247,3564.798,182510.47122567953,91255.23561283977
ROM-25-F41DC,Belete Tanga,Bona,Sidama,2025-10-17,19.41,Rejected,Under-dried,73.6,True,397.45001220703125,9.864572459118651,19410.0,19118.85,188599.28116002062,2872.07027147241,3591.3929999999996,185007.8881600206,92503.9440800103
ROM-25-55CDD,Belete Tanga,Bona,Sidama,2025-10-18,18.68,Passed,,86.75,True,397.45001220703125,9.864572459118651,18680.0,18399.8,181506.16033329137,2764.053203045053,3461.964,178044.19633329136,89022.09816664568
ROM-25-3EABC,Michael Girma,Anfilo,Oromia,2025-10-19,18.86,Passed,,86.6,True,397.45001220703125,9.864572459118651,18860.0,18577.1,183255.14903029308,2790.6875486846807,3493.8779999999997,179761.27103029308,89880.63551514654
ROM-25-43EA0,Belete Tanga,Bona,Sidama,2025-10-19,18.76,Passed,,86.44,True,397.45001220703125,9.864572459118651,18760.0,18478.6,182283.4886430699,2775.890689996003,3476.1479999999997,178807.3406430699,89403.67032153496
ROM-25-4BE0F,Belete Tanga,Bona,Sidama,2025-10-20,19.41,Passed,,88.93,False,406.04998779296875,10.054169240881347,19410.0,19118.85,192224.1535910243,2927.2713744826187,3591.3929999999996,188632.7605910243,94316.38029551215
ROM-25-FFD18,Abebe Jengelo,Hoko Girja,Sidama,2025-10-20,18.81,Passed,,84.05,True,406.04998779296875,10.054169240881347,18810.0,18527.85,186282.13956966344,2836.7838513146867,3485.0129999999995,182797.12656966344,91398.56328483172
ROM-25-8F6A4,Dogada Yemasira,Nansabo,Oromia,2025-10-20,18.88,Passed,,87.16,True,406.04998779296875,10.054169240881347,18880.0,18596.8,186975.37453882222,2847.3407290176046,3497.4239999999995,183477.95053882222,91738.97526941111
ROM-25-E2B88,Michael Girma,Anfilo,Oromia,2025-10-21,19.12,Passed,,87.76,True,413.54998779296875,10.219515740881347,19120.0,18833.2,192466.1838511666,2930.9571144847628,3539.976,188926.2078511666,94463.1039255833
ROM-25-2B6E3,Hagire Buticha,Nansabo,Oromia,2025-10-21,19.33,Rejected,Under-dried,74.23,True,413.54998779296875,10.219515740881347,19330.0,19040.05,194580.09068216788,2963.148589068554,3577.209,191002.88168216788,95501.44084108394
ROM-25-F4144,Belete Tanga,Bona,Sidama,2025-10-22,18.97,Passed,,89.9,True,420.8500061035156,10.380453404559326,18970.0,18685.45,193963.44306822307,2953.7580162673485,3513.381,190450.06206822308,95225.03103411154
ROM-25-D0435,Dogada Yemasira,Nansabo,Oromia,2025-10-23,18.63,Rejected,Under-dried,74.52,True,410.1499938964844,10.144558795440673,18630.0,18350.55,186158.23340367383,2834.8969553859033,3453.0989999999997,182705.13440367384,91352.56720183692
ROM-25-2D488,Hagire Buticha,Nansabo,Oromia,2025-10-24,18.81,Passed,,82.1,True,403.0,9.986928599999999,18810.0,18527.85,185036.31506150996,2817.811904490014,3485.0129999999995,181551.30206150995,90775.65103075498
ROM-25-B7CC6,Astatke Menafesha,Wonsho,Sidama,2025-10-24,19.08,Passed,,85.79,True,403.0,9.986928599999999,19080.0,18793.8,187692.33872267997,2858.258965320007,3532.8839999999996,184159.45472267998,92079.72736133999
ROM-25-1178C,Dogada Yemasira,Nansabo,Oromia,2025-10-25,18.88,Passed,,84.5,True,403.0,9.986928599999999,18880.0,18596.8,185724.91378847996,2828.298179520007,3497.4239999999995,182227.48978847996,91113.74489423998
ROM-25-0F34A,Hagire Buticha,Nansabo,Oromia,2025-10-25,19.03,Passed,,84.32,True,403.0,9.986928599999999,19030.0,18744.55,187200.48248912996,2850.768768870007,3524.019,183676.46348912996,91838.23174456498
ROM-25-27C51,Dogada Yemasira,Nansabo,Oromia,2025-10-25,18.77,Passed,,86.5,True,403.0,9.986928599999999,18770.0,18488.45,184642.83007467,2811.8197473299924,3477.921,181164.90907467,90582.454537335
ROM-25-AEBDE,Oddi Boku,Girja,Sidama,2025-10-25,18.97,Passed,,85.73,False,403.0,9.986928599999999,18970.0,18685.45,186610.25500886998,2841.7805331299924,3513.381,183096.87400886999,91548.43700443499
ROM-25-6269E,Oddi Boku,Girja,Sidama,2025-10-26,18.56,Passed,,85.49,False,403.0,9.986928599999999,18560.0,18281.6,182577.03389375997,2780.360922240014,3440.6879999999996,179136.34589375998,89568.17294687999
ROM-25-C4056,Michael Girma,Anfilo,Oromia,2025-10-26,18.98,Passed,,83.65,True,403.0,9.986928599999999,18980.0,18695.3,186708.62625557996,2843.278572420007,3515.1539999999995,183193.47225557995,91596.73612778998
ROM-25-24AEE,Michael Girma,Anfilo,Oromia,2025-10-26,18.7,Passed,,84.0,True,403.0,9.986928599999999,18700.0,18419.5,183954.23134769997,2801.3334723,3465.5099999999998,180488.72134769996,90244.36067384998
ROM-25-9D859,Belete Tanga,Bona,Sidama,2025-10-27,19.23,Passed,,89.49,True,390.1000061035156,9.702532754559325,19230.0,18941.55,183781.00929712318,2798.6955730526442,3559.479,180221.5302971232,90110.7651485616
ROM-25-7772B,Zenebe Dikicha,Aroresa,Sidama,2025-10-28,18.54,Passed,,88.38,False,387.8999938964844,9.654030845440673,18540.0,18261.9,176300.94589635305,2684.785978117037,3437.1420000000003,172863.80389635306,86431.90194817653
ROM-25-6F8D9,Michael Girma,Anfilo,Oromia,2025-10-28,18.51,Passed,,85.72,False,387.8999938964844,9.654030845440673,18510.0,18232.35,176015.66928487024,2680.441664236617,3431.8229999999994,172583.84628487023,86291.92314243512
ROM-25-13D75,Michael Girma,Anfilo,Oromia,2025-10-29,19.04,Passed,,84.41,True,390.70001220703125,9.715760609118652,19040.0,18754.4,182213.26076765487,2774.821229964273,3525.792,178687.46876765488,89343.73438382744
ROM-25-12C1C,Zenebe Dikicha,Aroresa,Sidama,2025-10-30,18.83,Passed,,85.83,True,392.0,9.7444204,18830.0,18547.55,180735.12459002,2752.311541980007,3488.5589999999997,177246.56559001998,88623.28279500999
ROM-25-3227E,Oddi Boku,Girja,Sidama,2025-10-30,19.47,Passed,,82.85,True,392.0,9.7444204,19470.0,19177.95,186878.00721018,2845.857977819993,3602.031,183275.97621018,91637.98810509
ROM-25-A2505,Hagire Buticha,Nansabo,Oromia,2025-10-31,19.06,Rejected,Over-fermented,76.63,True,392.04998779296875,9.745522440881347,19060.0,18774.1,182963.4128573505,2786.244865847991,3529.3379999999997,179434.0748573505,89717.03742867525
ROM-25-CB1EF,Dogada Yemasira,Nansabo,Oromia,2025-10-31,18.91,Passed,,83.47,True,392.04998779296875,9.745522440881347,18910.0,18626.35,181523.51191671027,2764.3174403560083,3502.7429999999995,178020.76891671028,89010.38445835514
ROM-25-6B938,Abebe Jengelo,Hoko Girja,Sidama,2025-11-02,19.03,Rejected,Over-fermented,72.51,False,392.04998779296875,9.745522440881347,19030.0,18744.55,182675.43266922244,2781.8593807495877,3524.019,179151.41366922244,89575.70683461122
ROM-25-09153,Hagire Buticha,Nansabo,Oromia,2025-11-05,18.93,Passed,,84.22,True,413.6000061035156,10.220618454559325,18930.0,18646.05,190574.1627346359,2902.144610172128,3506.2889999999998,187067.8737346359,93533.93686731796
ROM-25-21AE4,Abebe Jengelo,Hoko Girja,Sidama,2025-11-05,18.82,Passed,,82.73,True,413.6000061035156,10.220618454559325,18820.0,18537.7,189466.75872508442,2885.28058972209,3486.786,185979.97272508443,92989.98636254221
ROM-25-C0EEB,Abebe Jengelo,Hoko Girja,Sidama,2025-11-07,18.91,Rejected,High Moisture (>12.5%),78.84,True,407.79998779296875,10.092750090881346,18910.0,18626.35,187991.09565528773,2862.8085632785082,3502.7429999999995,184488.35265528774,92244.17632764387
ROM-25-75F41,Hagire Buticha,Nansabo,Oromia,2025-11-07,19.27,Passed,,84.14,True,407.79998779296875,10.092750090881346,19270.0,18980.95,191569.9848375143,2917.3094137692456,3566.571,188003.4138375143,94001.70691875715
ROM-25-F8637,Hagire Buticha,Nansabo,Oromia,2025-11-07,19.18,Passed,,80.67,True,407.79998779296875,10.092750090881346,19180.0,18892.3,190675.26254195764,2903.6842011465706,3550.6139999999996,187124.64854195763,93562.32427097882
ROM-25-A9E07,Astatke Menafesha,Wonsho,Sidama,2025-11-09,19.24,Passed,,87.63,True,407.79998779296875,10.092750090881346,19240.0,18951.4,191271.74407232876,2912.7676762283418,3561.252,187710.49207232875,93855.24603616438
ROM-25-6DEE9,Abebe Jengelo,Hoko Girja,Sidama,2025-11-09,19.42,Passed,,80.3,True,407.79998779296875,10.092750090881346,19420.0,19128.7,193061.188663442,2940.0181014737286,3593.166,189468.022663442,94734.011331721
ROM-25-18DEB,Dogada Yemasira,Nansabo,Oromia,2025-11-12,19.22,Passed,,89.49,True,403.6499938964844,10.001258495440673,19220.0,18931.7,189340.8254581342,2883.362824235539,3557.706,185783.1194581342,92891.5597290671
ROM-25-BD287,Belete Tanga,Bona,Sidama,2025-11-13,19.09,Passed,,89.43,True,401.70001220703125,9.958268809118652,19090.0,18803.65,187251.80129258396,2851.5502734911115,3534.657,183717.14429258395,91858.57214629198
ROM-25-E3F81,Astatke Menafesha,Wonsho,Sidama,2025-11-14,18.8,Passed,,83.01,False,399.79998779296875,9.916380490881346,18800.0,18518.0,183631.53393014078,2796.4192984285396,3483.24,180148.2939301408,90074.1469650704
ROM-25-C9673,Dogada Yemasira,Nansabo,Oromia,2025-11-14,19.04,Passed,,86.3,True,399.79998779296875,9.916380490881346,19040.0,18754.4,185975.76627818512,2832.118268195698,3525.792,182449.97427818514,91224.98713909257
ROM-25-3F91F,Zenebe Dikicha,Aroresa,Sidama,2025-11-15,18.95,Passed,,83.75,True,399.79998779296875,9.916380490881346,18950.0,18665.75,185096.6791476685,2818.7311545330226,3509.835,181586.8441476685,90793.42207383426
ROM-25-EEEA0,Michael Girma,Anfilo,Oromia,2025-11-16,18.53,Rejected,Over-fermented,74.43,True,399.79998779296875,9.916380490881346,18530.0,18252.05,180994.27253859089,2756.2579574404776,3435.3689999999997,177558.90353859088,88779.45176929544
ROM-25-8233F,Astatke Menafesha,Wonsho,Sidama,2025-11-17,18.63,Rejected,Under-dried,74.95,False,402.54998779296875,9.977007540881347,18630.0,18350.55,183083.5757293202,2788.0747572992996,3453.0989999999997,179630.47672932022,89815.23836466011
ROM-25-1374B,Hagire Buticha,Nansabo,Oromia,2025-11-17,18.73,Passed,,82.59,True,402.54998779296875,9.977007540881347,18730.0,18449.05,184066.310972097,2803.0402686106218,3470.8289999999997,180595.481972097,90297.7409860485
ROM-25-3AC53,Zenebe Dikicha,Aroresa,Sidama,2025-11-17,19.0,Rejected,High Moisture (>12.5%),75.74,True,402.54998779296875,9.977007540881347,19000.0,18715.0,186719.69612759442,2843.447149151184,3518.7,183200.9961275944,91600.4980637972
ROM-25-84F91,Astatke Menafesha,Wonsho,Sidama,2025-11-20,18.6,Rejected,Over-fermented,76.15,False,406.5,10.064090299999998,18600.0,18321.0,184384.19838629998,2807.8811936999996,3447.7799999999997,180936.41838629998,90468.20919314999
ROM-25-D6A07,Belete Tanga,Bona,Sidama,2025-11-22,18.51,Rejected,High Moisture (>12.5%),73.51,True,400.0,9.92079,18510.0,18232.35,180879.3155565,2754.5073435000145,3431.8229999999994,177447.4925565,88723.74627825
ROM-25-A34B9,Hagire Buticha,Nansabo,Oromia,2025-11-22,18.78,Passed,,85.94,True,400.0,9.92079,18780.0,18498.3,183517.749657,2794.686543000007,3479.694,180038.05565700002,90019.02782850001
ROM-25-195C0,Astatke Menafesha,Wonsho,Sidama,2025-11-23,18.8,Passed,,88.66,True,400.0,9.92079,18800.0,18518.0,183713.18922,2797.66278,3483.24,180229.94922,90114.97461
ROM-25-7F7CC,Michael Girma,Anfilo,Oromia,2025-11-23,18.68,Rejected,Primary Defects,73.86,True,400.0,9.92079,18680.0,18399.8,182540.551842,2779.8053580000073,3461.964,179078.58784199998,89539.29392099999
ROM-25-12683,Zenebe Dikicha,Aroresa,Sidama,2025-11-26,18.79,Rejected,High Moisture (>12.5%),72.54,True,411.5,10.174321299999999,18790.0,18508.15,188307.864768595,2867.632458404985,3481.467,184826.397768595,92413.1988842975
ROM-25-E5A7E,Michael Girma,Anfilo,Oromia,2025-11-26,18.54,Passed,,88.0,True,411.5,10.174321299999999,18540.0,18261.9,185802.43814846998,2829.4787535299847,3437.1420000000003,182365.29614847,91182.648074235
ROM-25-FA0FC,Dogada Yemasira,Nansabo,Oromia,2025-11-29,19.44,Passed,,85.61,False,413.0,10.207390599999998,19440.0,19148.4,195455.19816503997,2976.4750989599847,3596.712,191858.48616503997,95929.24308251998
ROM-25-14521,Oddi Boku,Girja,Sidama,2025-11-29,19.15,Passed,,82.25,True,413.0,10.207390599999998,19150.0,18862.75,192539.45704014998,2932.0729498499995,3545.295,188994.16204014997,94497.08102007498
ROM-25-CB022,Abebe Jengelo,Hoko Girja,Sidama,2025-11-30,18.72,Passed,,82.43,False,413.0,10.207390599999998,18720.0,18439.2,188216.11675151996,2866.235280479992,3469.056,184747.06075151995,92373.53037575998
ROM-25-189EB,Dogada Yemasira,Nansabo,Oromia,2025-12-01,18.83,Passed,,84.66,True,411.5,10.174321299999999,18830.0,18547.55,188708.73302781497,2873.737051185007,3488.5589999999997,185220.17402781497,92610.08701390748
ROM-25-33858,Oddi Boku,Girja,Sidama,2025-12-04,18.55,Passed,,82.73,True,411.95001220703125,10.18424235911865,18550.0,18271.75,186083.93032522622,2833.7654364247646,3438.915,182645.0153252262,91322.5076626131
ROM-25-C06C4,Dogada Yemasira,Nansabo,Oromia,2025-12-05,19.11,Passed,,87.78,False,406.25,10.058578749999999,19110.0,18823.35,189336.14831381247,2883.291598687514,3538.2029999999995,185797.94531381247,92898.97265690623
ROM-25-801E8,Oddi Boku,Girja,Sidama,2025-12-06,19.21,Passed,,82.84,True,406.25,10.058578749999999,19210.0,18921.85,190326.91832068746,2898.3794668125142,3555.9329999999995,186770.98532068747,93385.49266034373
ROM-25-F7E8F,Hagire Buticha,Nansabo,Oromia,2025-12-07,18.53,Passed,,80.49,True,406.25,10.058578749999999,18530.0,18252.05,183589.68227393748,2795.781963562507,3435.3689999999997,180154.31327393747,90077.15663696874
ROM-25-4DDAD,Dogada Yemasira,Nansabo,Oromia,2025-12-07,18.58,Passed,,83.93,False,406.25,10.058578749999999,18580.0,18301.3,184085.06727737497,2803.325897625007,3444.234,180640.83327737497,90320.41663868749
ROM-25-D5939,Oddi Boku,Girja,Sidama,2025-12-07,18.6,Passed,,82.15,True,406.25,10.058578749999999,18600.0,18321.0,184283.22127875,2806.3434712499998,3447.7799999999997,180835.44127875,90417.720639375
ROM-25-72C34,Astatke Menafesha,Wonsho,Sidama,2025-12-08,18.59,Passed,,83.64,True,396.04998779296875,9.833707240881347,18590.0,18311.15,180066.4883438645,2742.129264119749,3446.007,176620.4813438645,88310.24067193225
ROM-25-0E818,Belete Tanga,Bona,Sidama,2025-12-08,19.18,Passed,,86.78,True,396.04998779296875,9.833707240881347,19180.0,18892.3,185781.34730690267,2829.157573201571,3550.6139999999996,182230.73330690266,91115.36665345133
ROM-25-DCC52,Abebe Jengelo,Hoko Girja,Sidama,2025-12-09,19.13,Passed,,83.21,True,394.20001220703125,9.792922309118651,19130.0,18843.05,184528.5247168382,2810.079056601604,3541.749,180986.7757168382,90493.3878584191
ROM-25-4432A,Belete Tanga,Bona,Sidama,2025-12-09,19.17,Passed,,83.79,True,394.20001220703125,9.792922309118651,19170.0,18882.45,184914.36585581748,2815.9548099870613,3548.841,181365.5248558175,90682.76242790875
ROM-25-9C1F2,Hagire Buticha,Nansabo,Oromia,2025-12-10,18.62,Passed,,82.92,True,400.79998779296875,9.938426690881347,18620.0,18340.7,182277.70240944752,2775.8025747631527,3451.326,178826.37640944752,89413.18820472376
ROM-25-0D3DC,Zenebe Dikicha,Aroresa,Sidama,2025-12-12,19.08,Rejected,High Moisture (>12.5%),75.22,True,397.20001220703125,9.859060909118652,19080.0,18793.8,185289.21891379412,2821.6632321897655,3532.8839999999996,181756.33491379413,90878.16745689706
ROM-25-C38CA,Belete Tanga,Bona,Sidama,2025-12-12,19.07,Passed,,89.7,False,397.20001220703125,9.859060909118652,19070.0,18783.95,185192.1071638393,2820.1843730533833,3531.111,181660.9961638393,90830.49808191965
ROM-25-2C34C,Hagire Buticha,Nansabo,Oromia,2025-12-17,18.65,Passed,,84.52,True,351.8999938964844,8.860367645440673,18650.0,18370.25,162767.16873865653,2478.6878488120283,3456.645,159310.52373865654,79655.26186932827
ROM-25-58087,Hagire Buticha,Nansabo,Oromia,2025-12-17,19.13,Passed,,85.3,True,351.8999938964844,8.860367645440673,19130.0,18843.05,166956.35056142087,2542.4824958592076,3541.749,163414.60156142086,81707.30078071043
ROM-25-A68CE,Hagire Buticha,Nansabo,Oromia,2025-12-17,18.82,Passed,,85.15,False,351.8999938964844,8.860367645440673,18820.0,18537.7,164250.83730088559,2501.281786307896,3486.786,160764.0513008856,80382.0256504428
ROM-25-EE877,Hagire Buticha,Nansabo,Oromia,2025-12-18,18.86,Rejected,Over-fermented,76.92,False,345.45001220703125,8.718170059118652,18860.0,18577.1,161958.3170052531,2466.3703097246794,3493.8779999999997,158464.4390052531,79232.21950262655
ROM-25-0EF5B,Hagire Buticha,Nansabo,Oromia,2025-12-19,18.59,Passed,,83.06,False,340.6499938964844,8.612347895440672,18590.0,18311.15,157701.99416559847,2401.553210643619,3446.007,154255.98716559846,77127.99358279923
ROM-25-BE65E,Hagire Buticha,Nansabo,Oromia,2025-12-19,19.47,Rejected,Over-fermented,73.29,True,340.6499938964844,8.612347895440672,19470.0,19177.95,165167.17732136644,2515.236202863442,3602.031,161565.14632136645,80782.57316068323
ROM-25-D3D4B,Dogada Yemasira,Nansabo,Oromia,2025-12-24,18.54,Passed,,87.76,True,345.1499938964844,8.711555795440674,18540.0,18261.9,159089.56078075807,2422.6836667120388,3437.1420000000003,155652.41878075807,77826.20939037904
ROM-25-872DF,Hagire Buticha,Nansabo,Oromia,2025-12-25,19.0,Passed,,84.06,True,345.1499938964844,8.711555795440674,19000.0,18715.0,163036.76671167222,2482.793401700592,3518.7,159518.0667116722,79759.0333558361
ROM-25-AC8D8,Astatke Menafesha,Wonsho,Sidama,2025-12-27,18.7,Rejected,Over-fermented,72.1,True,350.25,8.823991549999999,18700.0,18419.5,162533.512355225,2475.1296297749996,3465.5099999999998,159068.00235522498,79534.00117761249
ROM-25-8A476,Astatke Menafesha,Wonsho,Sidama,2025-12-27,18.58,Passed,,83.75,True,350.25,8.823991549999999,18580.0,18301.3,161490.51655401496,2459.2464449850063,3444.234,158046.28255401496,79023.14127700748
ROM-25-224E4,Oddi Boku,Girja,Sidama,2025-12-29,19.09,Passed,,85.39,True,352.1499938964844,8.865879195440673,19090.0,18803.65,166710.88933334802,2538.744507614424,3534.657,163176.23233334802,81588.11616667401
